ID;DescriĂ§ĂŁo;Categoria;Fornecedor;Quantidade;Valor Custo;Valor Recomendado;imei;Loja
;CASE 17 PRO MAX ;Capa;;32;R$ 3,70;R$ 35,00;;Águas Lindas Shopping
;CASE 17 PRO ;Capas;;1;R$ 3,70;R$ 30;;Águas Lindas Shopping
;CASE 17 AIR ;Capas;;;;R$ 30,00;;Águas Lindas Shopping
;CASE 17;Capas;;;R$ 3,70;R$ 30,00;;Águas Lindas Shopping
;CASE 16 PRO MAX;Capas;;64;R$ 3,70;R$ 30,00;;Águas Lindas Shopping
;CASE 16 PRO ;Capas;;38;R$ 3,70;R$ 30;;Águas Lindas Shopping
;CASE 16 ;Capas;;37;R$ 3,70;R$ 30,00;;Águas Lindas Shopping
;CASE 15 PRO MAX ;Capas;;47;R$ 3,70;R$ 30,00;;Águas Lindas Shopping
;CASE 15 PRO ;Capas;;60;R$ 3,70;R$ 30,00;;Águas Lindas Shopping
;CASE 15;Capas;;7;R$ 3,70;R$ 30,00;;Águas Lindas Shopping
;CASE 14 PRO MAX ;Capas;;38;R$ 3,70;R$ 30,00;;Águas Lindas Shopping
;CASE 14 PRO ;Capas;;18;R$ 3,70;R$ 30;;Águas Lindas Shopping
;CASE 14;Capas;;;R$ 3,70;R$ 30,00;;Águas Lindas Shopping
;CASE 13 PRO MAX ;Capas;;49;R$ 3,70;R$ 30;;Águas Lindas Shopping
;CASE 13 PRO ;Capas;;43;R$ 3,70;R$ 30;;Águas Lindas Shopping
;CASE 13;Capas;;;R$ 3,70;R$ 30;;Águas Lindas Shopping
;CASE 12 PRO MAX ;Capas;;63;R$ 3,70;R$ 30;;Águas Lindas Shopping
;CASE 12/12 PRO ;Capas;;;R$ 3,70;R$ 30;;Águas Lindas Shopping
;CASE 11 PRO MAX ;Capas;;35;R$ 3,70;R$ 30;;Águas Lindas Shopping
;CASE 11 PRO ;Capas;;27;R$ 3,70;R$ 30;;Águas Lindas Shopping
;CASE 11 ;Capas;;;R$ 3,70;R$ 30;;Águas Lindas Shopping
;CASE XR;Capas;;64;R$ 3,70;R$ 30;;Águas Lindas Shopping
;CASE XS MAX;Capas;;;R$ 3,70;R$ 30;;Águas Lindas Shopping
;CASE XS;Capas;;;R$ 3,70;R$ 30;;Águas Lindas Shopping
;CASE 7/8;Capas;;;R$ 3,70;R$ 30;;Águas Lindas Shopping
;CASE 7PLUS/8PLUS ;Capas;;;R$ 3,70;R$ 30;;Águas Lindas Shopping
;TPU 17 PRO MAX ;Capas;;9;R$ 2,00;R$ 20;;Águas Lindas Shopping
;TPU 17 PRO ;Capas;;12;R$ 2;R$ 20;;Águas Lindas Shopping
;TPU 17 AIR ;Capas;;16;R$ 2;R$ 20;;Águas Lindas Shopping
;TPU 17 ;Capas;;21;R$ 2,00;R$ 20;;Águas Lindas Shopping
;TPU 16 PRO MAX ;Capas;;48;R$ 2,00;R$ 20;;Águas Lindas Shopping
;TPU 16 PRO ;Capas;;56;R$ 2,00;R$ 20;;Águas Lindas Shopping
;TPU 16 ;Capas;;24;R$ 2,00;R$ 20;;Águas Lindas Shopping
;TPU 15 PRO MAX ;Capas;;8;R$ 2,00;R$ 20;;Águas Lindas Shopping
;TPU 15 PRO ;Capas;;57;R$ 2,00;R$ 20;;Águas Lindas Shopping
;TPU 15;Capas;;25;R$ 2,00;R$ 20;;Águas Lindas Shopping
;TPU 14 PRO MAX ;Capas;;21;R$ 2,00;R$ 20;;Águas Lindas Shopping
;TPU 14 PRO;Capas;;20;R$ 2,00;R$ 20;;Águas Lindas Shopping
;TPU 14;Capas;;20;R$ 2,00;R$ 20;;Águas Lindas Shopping
;TPU 13 PRO MAX ;Capas;;43;R$ 2,00;R$ 20;;Águas Lindas Shopping
;TPU 13 PRO ;Capas;;26;R$ 2,00;R$ 20;;Águas Lindas Shopping
;TPU 13;Capas;;;R$ 2,00;R$ 20;;Águas Lindas Shopping
;TPU 12 PRO MAX ;Capas;;39;R$ 2,00;R$ 20;;Águas Lindas Shopping
;TPU 12;Capas;;9;R$ 2,00;R$ 20;;Águas Lindas Shopping
;TPU 12 PRO ;Capas;;14;R$ 2,00;R$ 20;;Águas Lindas Shopping
;TPU 11 PRO MAX ;Capas;;42;R$ 2,00;R$ 20;;Águas Lindas Shopping
;TPU 11 PRO ;Capas;;25;R$ 2,00;R$ 20;;Águas Lindas Shopping
;TPU 11;Capas;;25;R$ 2,00;R$ 20;;Águas Lindas Shopping
;TPU XR;Capas;;4;R$ 2,00;R$ 20;;Águas Lindas Shopping
;TPU XSMAX;Capas;;19;R$ 2,00;R$ 20;;Águas Lindas Shopping
;TPU XS;Capas;;3;R$ 2,00;R$ 20;;Águas Lindas Shopping
;TPU 7/8;Capas;;9;R$ 2,00;R$ 20;;Águas Lindas Shopping
;TPU 7PLUS/8PLUS;Capas;;2;R$ 2,00;R$ 20;;Águas Lindas Shopping
;TPU 15 PLUS ;Capas;;27;R$ 2,00;R$ 20;;Águas Lindas Shopping
;TPU 16 E;Capas;;8;R$ 2,00;R$ 20;;Águas Lindas Shopping
;CARREGADOR APPLE WATCH ORIGINAL;Carregadores;;1;R$ 170,00;R$ 270,00;FGJ33576HU17FM4FV;Águas Lindas Shopping
;EARPODS USB-C;Acessórios - Geral;;1;R$ 110,00;R$ 210,00;QYRFV2DOHW;Águas Lindas Shopping
;EARPODS USB-C;Acessórios - Geral;;1;R$ 110,00;R$ 210,00;SF46FGJX067;Águas Lindas Shopping
;FONTE ORIGINAL 35W;Carregadores;;1;R$ 155,00;R$ 200,00;C4H41060M972NH0CV;Águas Lindas Shopping
;FONTE ORIGINAL 35W;Carregadores;;1;R$ 155,00;R$ 200,00;C4H4106DHJU2NH0CE;Águas Lindas Shopping
;FONTE ORIGINAL 35W;Carregadores;;1;R$ 155,00;R$ 200,00;C4H4106V9GX2NH0CB;Águas Lindas Shopping
;AIWA PARTY BOX 100W;Áudio;;;R$ 768,12;R$ 870,00;7898578154545;Águas Lindas Shopping
;AIWA PARTY BOX 160W;Áudio;;;R$ 1.161,94;R$ 1.300,00;7898578154538;Águas Lindas Shopping
;FONE HEADPHONE AIWA;Áudio;;;R$ 158,58;R$ 260,00;7898578154972;Águas Lindas Shopping
;ALEXA ECHO DOT;Acessórios - Geral;;;R$ 350,00;R$ 450,00;G0922H08512405SF;Águas Lindas Shopping
;ALEXA ECHO POP;Acessórios - Geral;;;R$ 300,00;R$ 400,00;G8M2DB085316017C;Águas Lindas Shopping
;PHILIPS HEADPHONE TAH1108BK;Áudio;;;R$ 72,25;R$ 129,00;LAPX2434118350;Águas Lindas Shopping
;PS5 MIDIA DIGITAL;Acessórios - Geral;;;R$ 3.380,00;R$ 3.480,00;S01-F55801A1310507741;Águas Lindas Shopping
;PS5 MIDIA FISICA;Acessórios - Geral;;;R$ 3.550,00;R$ 3.650,00;S01-V55901L6G10256674;Águas Lindas Shopping
;PELICULA 3D 17 PRO MAX ;Películas;;73;R$ 0,90;R$ 20,00;;Águas Lindas Shopping
;PELICULA 3D 17 PRO ;Películas;;24;R$ 0,90;R$ 20,00;;Águas Lindas Shopping
;PELICULA 3D 17 AIR ;Películas;;;R$ 0,90;R$ 20,00;;Águas Lindas Shopping
;PELICULA 3D 17 ;Películas;;24;R$ 0,90;R$ 20,00;;Águas Lindas Shopping
;PELICULA 3D 16 PRO MAX ;Películas;;32;R$ 0,90;R$ 20,00;;Águas Lindas Shopping
;PELICULA 3D 16 PRO ;Películas;;34;R$ 0,90;R$ 20,00;;Águas Lindas Shopping
;PELICULA 3D 16;Películas;;8;R$ 0,90;R$ 20,00;;Águas Lindas Shopping
;PELICULA 3D 15 PRO MAX ;Películas;;65;R$ 0,90;R$ 20,00;;Águas Lindas Shopping
;PELICULA 3D 15/15 PRO ;Películas;;37;R$ 0,90;R$ 20,00;;Águas Lindas Shopping
;PELICULA 3D 14 PRO MAX ;Películas;;14;R$ 0,90;R$ 20,00;;Águas Lindas Shopping
;PELICULA 3D 14 PRO ;Películas;;36;R$ 0,90;R$ 20,00;;Águas Lindas Shopping
;PELICULA 3D 14 ;Películas;;;R$ 0,90;R$ 20,00;;Águas Lindas Shopping
;PELICULA 3D 13 PRO MAX ;Películas;;47;R$ 0,90;R$ 20,00;;Águas Lindas Shopping
;PELICULA 3D 13 PRO ;Películas;;;R$ 0,90;R$ 20,00;;Águas Lindas Shopping
;PELICULA 3D 13;Películas;;57;R$ 0,90;R$ 20,00;;Águas Lindas Shopping
;PELICULA 3D 12 PRO MAX ;Películas;;65;R$ 0,90;R$ 20,00;;Águas Lindas Shopping
;PELICULA 3D 12/12 PRO ;Películas;;30;R$ 0,90;R$ 20,00;;Águas Lindas Shopping
;PELICULA 3D 11 PRO MAX ;Películas;;14;R$ 0,90;R$ 20,00;;Águas Lindas Shopping
;PELICULA 3D 11 PRO ;Películas;;10;R$ 0,90;R$ 20,00;;Águas Lindas Shopping
;PELICULA 3D 11;Películas;;58;R$ 0,90;R$ 20,00;;Águas Lindas Shopping
;PELICULA  3D XS;Películas;;117;R$ 0,90;R$ 20,00;;Águas Lindas Shopping
;PELICULA 3D 8 PLUS ;Películas;;87;R$ 0,90;R$ 20,00;;Águas Lindas Shopping
;PELICULA 3D 7/8;Películas;;74;R$ 0,90;R$ 20,00;;Águas Lindas Shopping
;PELICULA  FOSCA PRIVACIDADE 17 PRO MAX ;Películas;;36;R$ 2,40;R$ 40;;Águas Lindas Shopping
;PELICULA FOSCA PRIVACIDADE 17 PRO ;Películas;;50;R$ 2,40;R$ 40;;Águas Lindas Shopping
;PELICULA FOSCA PRIVACIDADE 17 AIR ;Películas;;;R$ 2,40;R$ 40;;Águas Lindas Shopping
;PELICULA FOSCA PRIVACIDADE 17;Películas;;;R$ 2,40;R$ 40;;Águas Lindas Shopping
;PELICULA FOSCA PRIVACIDADE 16 PRO MAX;Películas;;48;R$ 2,40;R$ 40;;Águas Lindas Shopping
;PELICULA FOSCA PRIVACIDADE 16 PRO ;Películas;;171;R$ 2,40;R$ 40;;Águas Lindas Shopping
;PELICULA FOSCA PRIVACIDADE 16;Películas;;48;R$ 2,40;R$ 40;;Águas Lindas Shopping
;PELICULA FOSCA PRIVACIDADE 15 PRO MAX;Películas;;25;R$ 2,40;R$ 40;;Águas Lindas Shopping
;PELICULA FOSCA PRIVACIDADE 15/15 PRO;Películas;;100;R$ 2,40;R$ 40;;Águas Lindas Shopping
;PELICULA FOSCA PRIVACIDADE 14 PRO MAX;Películas;;53;R$ 2,40;R$ 40;;Águas Lindas Shopping
;PELICULA FOSCA PRIVACIDADE 14 PRO;Películas;;162;R$ 2,40;R$ 40;;Águas Lindas Shopping
;PELICULA FOSCA PRIVACIDADE 14;Películas;;;R$ 2,40;R$ 40;;Águas Lindas Shopping
;PELICULA FOSCA PRIVACIDADE 13 PRO MAX;Películas;;20;R$ 2,40;R$ 40;;Águas Lindas Shopping
;PELICULAFOSCA PRIVAVIDADE 13 PRO ;Películas;;;R$ 2,40;R$ 40;;Águas Lindas Shopping
;PELICULA FOSCA PRIVACIDADE 13;Películas;;50;R$ 2,40;R$ 40;;Águas Lindas Shopping
;PELICULA FOSCA PRIVACIDADE 12 PRO MAX;Películas;;66;R$ 2,40;R$ 40;;Águas Lindas Shopping
;PELICULA FOSCA PRIVACIDADE 12/12 PRO;Películas;;49;R$ 2,40;R$ 40;;Águas Lindas Shopping
;PELICULA FOSCA PRIVACIDADE 11 PRO MAX;Películas;;54;R$ 2,40;R$ 40;;Águas Lindas Shopping
;PELICULA  FOSCA PRIVACIDADE 11 PRO;Películas;;121;R$ 2,40;R$ 40;;Águas Lindas Shopping
;PELICULA FOSCA PRIVACIDADE 11;Películas;;;R$ 2,40;R$ 40;;Águas Lindas Shopping
;PELICULA PRIVAVIDADE 17 PRO MA X;Películas;;46;R$ 3,50;R$ 40;;Águas Lindas Shopping
;PELICULA PRIVACIDADE 17 PRO;Películas;;16;R$ 3,50;R$ 40;;Águas Lindas Shopping
;PELICULA PRIVACIDADE 17 AIR ;Películas;;;R$ 3,50;R$ 40;;Águas Lindas Shopping
;PELICULA PRIVACIDADE 17;Películas;;22;R$ 3,50;R$ 40;;Águas Lindas Shopping
;PELICULA PRIVACIDADE 16 PRO MAX ;Películas;;51;R$ 3,50;R$ 40;;Águas Lindas Shopping
;PELICULA PRIVACIDADE 16 PRO ;Películas;;40;R$ 3,50;R$ 40;;Águas Lindas Shopping
;PELICULA PRIVACIDADE 16;Películas;;41;R$ 3,50;R$ 40;;Águas Lindas Shopping
;PELICULA PRIVACIDADE 15 PRO MAX ;Películas;;67;R$ 3,50;R$ 40;;Águas Lindas Shopping
;PELICULA PRIVACIDADE 15/15 PRO;Películas;;88;R$ 3,50;R$ 40;;Águas Lindas Shopping
;PELICULA PRIVACIDADE 14 PRO MAX;Películas;;43;R$ 3,50;R$ 40;;Águas Lindas Shopping
;PELICULA PRIVACIDADE 14 PRO ;Películas;;52;R$ 3,50;R$ 40;;Águas Lindas Shopping
;PELICULA PRIVACIDADE 14;Películas;;;R$ 3,50;R$ 40;;Águas Lindas Shopping
;PELICULA PRIVACIDADE 13 PRO MAX ;Películas;;25;R$ 3,50;R$ 40;;Águas Lindas Shopping
;PELICULA PRIVACIDADE 13 PRO ;Películas;;;R$ 3,50;R$ 40;;Águas Lindas Shopping
;PELICULA PRIVACIDADE 13;Películas;;44;R$ 3,50;R$ 40;;Águas Lindas Shopping
;PELICULA PRIVACIDADE 12 PRO MAX;Películas;;60;R$ 3,50;R$ 40;;Águas Lindas Shopping
;PELICULA PRIVACIDADE 12/12 PRÓ;Películas;;80;R$ 3,50;R$ 40;;Águas Lindas Shopping
;PELICULA PRIVACIDADE 11;Películas;;61;R$ 3,50;R$ 40;;Águas Lindas Shopping
;PELICULA PRIVACIDADE 11 PRO MAX;Películas;;;R$ 3,50;R$ 40;;Águas Lindas Shopping
;PELICULA PRIVACIDADE 11 PRO ;Películas;;;R$ 3,50;R$ 40;;Águas Lindas Shopping
;PELICULA PRIVACIDADE 8 PLUS;Películas;;;R$ 3,50;R$ 40;;Águas Lindas Shopping
;PELICULA PRIVACIDADE 7/8;Películas;;;R$ 3,50;R$ 40;;Águas Lindas Shopping
;PELICULA FOSCA 17 PRO MAX;Películas;;;R$ 2,70;R$ 40;;Águas Lindas Shopping
;PELICULA FOSCA 17 PRO ;Películas;;;R$ 2,70;R$ 40;;Águas Lindas Shopping
;PELICULA FOSCA 17 AIR ;Películas;;;R$ 2,70;R$ 40;;Águas Lindas Shopping
;PELICULA FOSCA 17;Películas;;;R$ 2,70;R$ 40;;Águas Lindas Shopping
;PELICULA FOSCA 16 PRO MAX ;Películas;;;R$ 2,70;R$ 40;;Águas Lindas Shopping
;PELICULA FOSCA 16 PRO ;Películas;;22;R$ 2,70;R$ 40;;Águas Lindas Shopping
;PELICULA FOSCA 16;Películas;;;R$ 2,70;R$ 40;;Águas Lindas Shopping
;PELICULA FOSCA 15 PRO MAX ;Películas;;;R$ 2,70;R$ 40;;Águas Lindas Shopping
;PELICULA FOSCA 15/15 PRO ;Películas;;76;R$ 2,70;R$ 40;;Águas Lindas Shopping
;PELICULA FOSCA 14 PRO MAX ;Películas;;1;R$ 2,70;R$ 40;;Águas Lindas Shopping
;PELICULA FOSCA 14 PRO ;Películas;;5;R$ 2,70;R$ 40;;Águas Lindas Shopping
;PELICULA FOSCA 14 ;Películas;;;R$ 2,70;R$ 40;;Águas Lindas Shopping
;PELICULA FOSCA13 PRO MAX;Películas;;;R$ 2,70;R$ 40;;Águas Lindas Shopping
;PELICULA FOSCA 13;Películas;;;R$ 2,70;R$ 40;;Águas Lindas Shopping
;PELICULA FOSCA 12 PRO MAX;Películas;;83;R$ 2,70;R$ 40;;Águas Lindas Shopping
;PELICULA FOSCA 12/12 PRO;Películas;;;R$ 2,70;R$ 40;;Águas Lindas Shopping
;PELICULA FOSCA 11 PRO MAX;Películas;;147;R$ 2,70;R$ 40;;Águas Lindas Shopping
;PELICULA FOSCA 11 PRO;Películas;;128;R$ 2,70;R$ 40;;Águas Lindas Shopping
;PELICULA FOSCA 11;Películas;;;R$ 2,70;R$ 40;;Águas Lindas Shopping
;JBL BOOMBOX 4;Áudio;;1;R$ 3.000,00;R$ 3.100,00;TL1876-FP0002865;Águas Lindas Shopping
;FONE JBL WAVE BUDS 2;Áudio;;1;R$ 230,00;R$ 330,00;DO0035-HO0021793;Águas Lindas Shopping
;FONE JBL WAVE BUDS 2;Áudio;;1;R$ 230,00;R$ 330,00;DO0035-HO0023070;Águas Lindas Shopping
;FONE JBL WAVE BUDS 2;Áudio;;1;R$ 270,00;R$ 370,00;DO0032-GP0769534;Águas Lindas Shopping
;JBL BOOMBOX 4;Áudio;;1;R$ 2.350,00;R$ 2.450,00;TL1878-IP0006659;Águas Lindas Shopping
;JBL BOOMBOX WI-FI;Áudio;;1;R$ 2.400,00;R$ 2.500,00;GG1155-HO0044116;Águas Lindas Shopping
;JBL CLIP 5;Áudio;;1;R$ 276,00;R$ 380,00;GG1265-FO0116519;Águas Lindas Shopping
;JBL CLIP 5;Áudio;;1;R$ 310,00;R$ 410,00;GG1265-GP0488506;Águas Lindas Shopping
;JBL FLIP 7;Áudio;;1;R$ 600,00;R$ 700,00;GG1464-GP0010034;Águas Lindas Shopping
;JBL FLIP 7;Áudio;;1;R$ 600,00;R$ 700,00;GG1461-DP0018121;Águas Lindas Shopping
;JBL GO4;Áudio;;1;R$ 230,00;R$ 330,00;DH0080-AP0635186;Águas Lindas Shopping
;JBL GO 4;Áudio;;1;R$ 240,00;R$ 340,00;TL1593-DP0334574;Águas Lindas Shopping
;JBL GO 4;Áudio;;1;R$ 240,00;R$ 340,00;TL1590-GP1273610;Águas Lindas Shopping
;JBL GO 4;Áudio;;1;R$ 240,00;R$ 340,00;TL1590-GP1273409;Águas Lindas Shopping
;JBL JUNIOR 320;Áudio;;1;R$ 200,00;R$ 300,00;IV0330-IO0024866;Águas Lindas Shopping
;JBL LIVE 770NC;Áudio;;1;R$ 550,00;R$ 650,00;TL1553-IP0685042;Águas Lindas Shopping
;JBL LIVE 770NC;Áudio;;1;R$ 530,00;R$ 630,00;TL1553-FP0551141;Águas Lindas Shopping
;JBL BOOMBOX 4;Áudio;;1;R$ 2.850,00;R$ 2.950,00;TL1878-IP0007039;Águas Lindas Shopping
;JBL PARTYBOX ENCORE;Áudio;;1;R$ 1.250,00;R$ 1.350,00;RS0348-EP0006852;Águas Lindas Shopping
;JBL QUANTUM 100;Áudio;;1;R$ 130,63;R$ 235,00;CM0073-IN1322792;Águas Lindas Shopping
;JBL TUNE 500;Áudio;;1;R$ 126,87;R$ 149,00;MM0082-DO1825486;Águas Lindas Shopping
;JBL TUNE 500;Áudio;;1;R$ 126,87;R$ 149,00;MM0082-DO1826753;Águas Lindas Shopping
;JBL TUNE 500;Áudio;;1;R$ 101,34;R$ 201,34;MM0082-HO2019436;Águas Lindas Shopping
;JBL QUANTUM 100 M2;Áudio;;1;R$ 140,00;R$ 240,00;CM0192IO0200618;Águas Lindas Shopping
;JBL QUANTUM 100 M2;Áudio;;1;R$ 140,00;R$ 240,00;CM0192-HO0142841;Águas Lindas Shopping
;JBL TUNE 520BT;Áudio;;1;R$ 180,00;R$ 280,00;MM0212-JO0411757;Águas Lindas Shopping
;JBL TUNE 520BT;Áudio;;1;R$ 210,00;R$ 310,00;MM0210-CP1594151;Águas Lindas Shopping
;JBL TUNE 520BT;Áudio;;1;R$ 210,00;R$ 310,00;MM0210-CP1590168;Águas Lindas Shopping
;JBL TUNE 520BT;Áudio;;1;R$ 210,00;R$ 310,00;MM0210-CP1591131;Águas Lindas Shopping
;JBL TUNE 720BT;Áudio;;1;R$ 255,00;R$ 299,00;TL1484-FO1050145;Águas Lindas Shopping
;JBL TUNE 720BT;Áudio;;1;R$ 300,00;R$ 400,00;TL1484-JP2760076;Águas Lindas Shopping
;JBL XTREME 4;Áudio;;1;R$ 1.350,00;R$ 1.450,00;GG1243-GP0027429;Águas Lindas Shopping
;PARTYBOX ENCORE ESSENTIAL 2;Áudio;;1;R$ 1.230,00;R$ 1.330,00;RS0348-JP0040532;Águas Lindas Shopping
;PARTYBOX ULTIMATE;Áudio;;1;R$ 6.350,00;R$ 6.450,00;GG1186-LO0014209;Águas Lindas Shopping
;PARTYBOX WIRELESS MIC;Áudio;;1;R$ 650,00;R$ 750,00;SL0001-GP0605433;Águas Lindas Shopping
;PARTYBOX WIRELESS MIC;Áudio;;1;R$ 620,00;R$ 720,00;SL0001-GP0603034;Águas Lindas Shopping
;KIT CARREGADOR 25W;Carregadores;;1;R$ 120,84;R$ 225,00;RF7X5B81K71RTB;Águas Lindas Shopping
;KIT CARREGADOR 25W;Carregadores;;1;R$ 120,84;R$ 225,00;RF7X5Q20CR1RTB;Águas Lindas Shopping
;KIT CARREGADOR 25W;Carregadores;;1;R$ 121,99;R$ 199,00;RF7X6D6QDJ2RTB;Águas Lindas Shopping
;PELICULA 9D 17 PRO MAX;Películas;;;R$ 1,50;R$ 40;;Águas Lindas Shopping
;PELICULA 9D 17 PRO;Películas;;;R$ 1,50;R$ 40,00;;Águas Lindas Shopping
;PELICULA 9D 17 AIR;Películas;;;R$ 1,50;R$ 40;;Águas Lindas Shopping
;PELICULA 9D 17;Películas;;;R$ 1,50;R$ 40;;Águas Lindas Shopping
;PELICULA 9D 16 PRO MAX;Películas;;72;R$ 1,50;R$ 40;;Águas Lindas Shopping
;PELICULA 9D 16 PRO ;Películas;;46;R$ 1,50;R$ 40;;Águas Lindas Shopping
;PELICULA 9D 16;Películas;;41;R$ 1,50;R$ 40;;Águas Lindas Shopping
;PELICULA 9D 15 PRO MAX;Películas;;40;R$ 1,50;R$ 40;;Águas Lindas Shopping
;PELICULA 9D 15/15 PRO;Películas;;55;R$ 1,50;R$ 40;;Águas Lindas Shopping
;PELICULA 9D 14 PRO MAX;Películas;;;R$ 1,50;R$ 40;;Águas Lindas Shopping
;PELICULA 9D 14 PRO;Películas;;;R$ 1,50;R$ 40;;Águas Lindas Shopping
;PELICULA 9D 14;Películas;;;R$ 1,50;R$ 40;;Águas Lindas Shopping
;PELICULA 9D 13 PRO MAX;Películas;;;R$ 1,50;R$ 40;;Águas Lindas Shopping
;PELICULA 9D 13 PRO ;Películas;;;R$ 1,50;R$ 40;;Águas Lindas Shopping
;PELICULA 9D 13;Películas;;;R$ 1,50;R$ 40;;Águas Lindas Shopping
;PELICULA 9D 12 PRO MAX;Películas;;;R$ 1,50;R$ 40;;Águas Lindas Shopping
;PELICULA 9D 12/12 PRO;Películas;;42;R$ 1,50;R$ 40;;Águas Lindas Shopping
;PELICULA 9D 11 PRO MAX;Películas;;;R$ 1,50;R$ 40;;Águas Lindas Shopping
;PELICULA 9D 11 PRO;Películas;;;R$ 1,50;R$ 40;;Águas Lindas Shopping
;PELICULA 9D 11;Películas;;45;R$ 1,50;R$ 40;;Águas Lindas Shopping
;PELICULA 9D 8 PLUS;Películas;;;R$ 1,50;R$ 40;;Águas Lindas Shopping
;PELICULA 9D 7/8;Películas;;;R$ 1,50;R$ 40;;Águas Lindas Shopping
;KIT CARREGADOR T108UC;Carregadores;;7;R$ 13;R$ 50;;Águas Lindas Shopping
;KIT CARREGADOR KIMASTER 15W  LIGHTINING ;Carregadores;;21;R$ 15;R$ 40;;Águas Lindas Shopping
;KIT CARREGADOR KIMASTER 15W TYPEC ;Carregadores;;17;R$ 15;R$ 40;;Águas Lindas Shopping
;KIT CARREGADOR KIMASTER 40W LIGHTNING ;Carregadores;;20;R$ 18;R$ 60;;Águas Lindas Shopping
;POWER BANK MAGSAFE 5000MAH ;Carregadores;;8;R$ 65;R$ 120;;Águas Lindas Shopping
;POWER BANK MAGSAFE 10000MAH;Carregadores;;;R$ 85;R$ 150;;Águas Lindas Shopping
;POWER BANK 10000MAH PEINING;Carregadores;;7;R$ 75;R$ 180;;Águas Lindas Shopping
;POWER BANK 10000MAH ESPADA;Carregadores;;1;R$ 55;R$ 100;;Águas Lindas Shopping
;POWER BANK 20000MAH ÁGOLD;Carregadores;;1;R$ 95;R$ 199;;Águas Lindas Shopping
;POWER BANK 30000MAH PEINING;Carregadores;;1;R$ 100;R$ 190;;Águas Lindas Shopping
;FONE KIMASTER TWS350;Áudio;;15;R$ 48;R$ 100;;Águas Lindas Shopping
;FONE KIMASTER TWS300;Áudio;;13;R$ 45;R$ 100;;Águas Lindas Shopping
;SUPORTE MAGNETICO  ÁGOLD;Acessórios - Geral;;3;R$ 15;R$ 30;;Águas Lindas Shopping
;MOUSE ERGONOMIC ;Periféricos ;;2;R$ 65;R$ 110;;Águas Lindas Shopping
;KIT CARREGADOR SAMSUNG;Carregadores;;3;R$ 35;R$ 70;;Águas Lindas Shopping
;FONE COM FIO TYPEC;Áudio;;2;R$ 15;R$ 30;;Águas Lindas Shopping
;MICROFONE DE LAPELLA FAM;Áudio;;4;R$ 100;R$ 180;;Águas Lindas Shopping
;MICROFONE DE LAPELLA ÁGOLD;Áudio;;2;R$ 85;R$ 150;;Águas Lindas Shopping
;MICROFONE DE LAPELLA PEINING;Áudio;;1;R$ 80;R$ 150;;Águas Lindas Shopping
;MICROFONE DE LAPELLA ONISTEK ;Áudio;;2;R$ 75;R$ 120;;Águas Lindas Shopping
;SUPORTE 360;Acessórios - Geral;;2;R$ 75;R$ 150;;Águas Lindas Shopping
;LUZ DE SELFIE ;Acessórios - Geral;;3;R$ 45;R$ 80;;Águas Lindas Shopping
;TRAVA ANTI-FURTO ;Acessórios - Geral;;3;R$ 25;R$ 50;;Águas Lindas Shopping
;CHIP CLARO;Acessórios - Geral;;1;R$ 1,00;R$ 39,90;89550532990208508512;Águas Lindas Shopping
;CHIP CLARO;Acessórios - Geral;;1;R$ 1,00;R$ 39,90;89550532990208508504;Águas Lindas Shopping
;CHIP CLARO;Acessórios - Geral;;1;R$ 1,00;R$ 39,90;89550532990208508496;Águas Lindas Shopping
;CHIP CLARO;Acessórios - Geral;;1;R$ 1,00;R$ 39,90;89550532990208508488;Águas Lindas Shopping
;CHIP CLARO;Acessórios - Geral;;1;R$ 1,00;R$ 39,90;89550532990208508470;Águas Lindas Shopping
;CHIP CLARO;Acessórios - Geral;;1;R$ 1,00;R$ 39,90;89550532990208508462;Águas Lindas Shopping
;CHIP CLARO;Acessórios - Geral;;1;R$ 1,00;R$ 39,90;89550532990208508454;Águas Lindas Shopping
;CHIP CLARO;Acessórios - Geral;;1;R$ 1,00;R$ 39,90;89550532990208508447;Águas Lindas Shopping
;CHIP CLARO;Acessórios - Geral;;1;R$ 1,00;R$ 39,90;89550532990208508439;Águas Lindas Shopping
;CHIP CLARO;Acessórios - Geral;;1;R$ 1,00;R$ 39,90;89550532990208508421;Águas Lindas Shopping
;CHIP CLARO;Acessórios - Geral;;1;R$ 1,00;R$ 39,90;89550532990208508413;Águas Lindas Shopping
;CHIP CLARO;Acessórios - Geral;;1;R$ 1,00;R$ 39,90;89550532990208508397;Águas Lindas Shopping
;CHIP CLARO;Acessórios - Geral;;1;R$ 1,00;R$ 39,90;89550532990208508389;Águas Lindas Shopping
;CHIP CLARO;Acessórios - Geral;;1;R$ 1,00;R$ 39,90;89550532990208508371;Águas Lindas Shopping
;CHIP CLARO;Acessórios - Geral;;1;R$ 1,00;R$ 39,90;89550532990208508363;Águas Lindas Shopping
;CASE C/MAGSAFE 17 PRO MAX;Capas;;25;R$ 9,50;R$ 50,00;;Águas Lindas Shopping
;CASE C/MAGSAFE 17 PRO;Capas;;33;R$ 6,30;R$ 30;;Águas Lindas Shopping
;CASE C/MAGSAFE 17 AIR;Capas;;51;R$ 6,30;R$ 40;;Águas Lindas Shopping
;CASE C/MAGSAFE 17;Capas;;52;R$ 6,30;R$ 40;;Águas Lindas Shopping
;CASE C/MAGSAFE 16 PRO MAX;Capas;;38;R$ 6,30;R$ 40;;Águas Lindas Shopping
;CASE C/MAGSAFE 16 PRO;Capas;;27;R$ 6,30;R$ 40;;Águas Lindas Shopping
;CASE C/MAGSAFE 16;Capas;;48;R$ 6,30;R$ 40;;Águas Lindas Shopping
;CASE C/MAGSAFE 15 PRO MAX;Capas;;2;R$ 6,30;R$ 40;;Águas Lindas Shopping
;CASE C/MAGSAFE 15 PRO;Capas;;21;R$ 6,30;R$ 40;;Águas Lindas Shopping
;CASE C/MAGSAFE 15 ;Capas;;54;R$ 6,30;R$ 40;;Águas Lindas Shopping
;CASE C/MAGSAFE 14 PRO MAX;Capas;;4;R$ 6,30;R$ 40;;Águas Lindas Shopping
;CASE C/MAGSAFE 14 PRO;Capas;;20;R$ 6,30;R$ 40;;Águas Lindas Shopping
;CASE C/MAGSAFE 14;Capas;;;R$ 6,30;R$ 40;;Águas Lindas Shopping
;CASE C/MAGSAFE 13 PRO MAX;Capas;;4;R$ 6,30;R$ 40;;Águas Lindas Shopping
;CASE C/MAGSAFE 13 PRO;Capas;;15;R$ 6,30;R$ 40;;Águas Lindas Shopping
;CASE C/MAGSAFE 13;Capas;;20;R$ 6,30;R$ 40;;Águas Lindas Shopping
;CASE C/MAGSAFE 12 PRO MAX;Capas;;;R$ 6,30;R$ 40;;Águas Lindas Shopping
;CASE C/MAGSAFE 12/12 PRO;Capas;;20;R$ 6,30;R$ 40;;Águas Lindas Shopping
;CASE C/MAGSAFE 11 PRO MAX;Capas;;20;R$ 6,30;R$ 40;;Águas Lindas Shopping
;CASE C/MAGSAFE 11 PRO;Capas;;;R$ 6,30;R$ 40;;Águas Lindas Shopping
;CASE C/MAGSAFE 11;Capas;;20;R$ 6,30;R$ 40;;Águas Lindas Shopping
;JBL PARTY BOX STAGE 320;Áudio;;1;R$ 2.900,00;R$ 3.000,00;HA0028-AQ0028346;Águas Lindas Shopping
;JBL PARTYBOX CLUB 120;Áudio;;1;R$ 1.950,00;R$ 2.050,00;HA0027-JP0034207;Águas Lindas Shopping
;CAPA ACRILICO 17 PRO MAX;Capas;;2;R$ 20;R$ 50;;Águas Lindas Shopping
;CAPA ACRILICO 17 PRO;Capas;;7;R$ 20;R$ 50;;Águas Lindas Shopping
;CAPA PHONE CASE 15;Capas;;1;R$ 18;R$ 30;;Águas Lindas Shopping
;CAPA PHONE CASE 15 PRO;Capas;;1;R$ 18;R$ 30;;Águas Lindas Shopping
;CAPA PHONE CASE 15 PRO MAX;Capas;;2;R$ 18;R$ 30;;Águas Lindas Shopping
;CAPA PHONE CASE 16;Capas;;7;R$ 18;R$ 30;;Águas Lindas Shopping
;CAPA PHONE 16 PRO MAX;Capas;;1;R$ 18;R$ 30;;Águas Lindas Shopping
;CAPA STAND CASE 11 PRO MAX;Capas;;4;R$ 15;R$ 30;;Águas Lindas Shopping
;CAPA STAND CASE 11;Capas;;3;R$ 15;R$ 30;;Águas Lindas Shopping
;CAPA STAND CASE ;Capas;;;R$ 15;R$ 30;;Águas Lindas Shopping
;CAPA STAND CASE 15 PRO MAX;Capas;;1;R$ 15;R$ 30;;Águas Lindas Shopping
;CAPA STAND CASE 15 PRO;Capas;;6;R$ 15;R$ 30;;Águas Lindas Shopping
;CAPA STAND CASE 15;Capas;;6;R$ 15;R$ 30;;Águas Lindas Shopping
;CAPA STAND CASE 16;Capas;;16;R$ 15;R$ 30;;Águas Lindas Shopping
;CAPA STAND CASE 13 PRO MAX;Capas;;1;R$ 15;R$ 30;;Águas Lindas Shopping
;CAPA STAND CASE 13 PRO;Capas;;2;R$ 15;R$ 30;;Águas Lindas Shopping
;CAPA STAND CASE 14 PRO;Capas;;1;R$ 15;R$ 30;;Águas Lindas Shopping
;CAPA STAND CASE 12 PRO MAX;Capas;;2;R$ 15;R$ 30;;Águas Lindas Shopping
;CAPA TURBO CASE 16 PRO;Capas;;1;R$ 18;R$ 30;;Águas Lindas Shopping
;CAPA TURBO CASE 16;Capas;;7;R$ 18;R$ 30;;Águas Lindas Shopping
;CASE LARANJA 17 PRO MAX;Capas;;9;R$ 25;R$ 50;;Águas Lindas Shopping
;CASE LARANJA 17 PRO;Capas;;8;R$ 25;R$ 50;;Águas Lindas Shopping
;CAPA EVOCLEAR 16 ;Capas;;2;R$ 25;R$ 50;;Águas Lindas Shopping
;CAPA EVOCLEAR 16 PRO ;Capas;;2;R$ 25;R$ 50;;Águas Lindas Shopping
;CAPA EVOCLEAR 17 PRO MAX;Capas;;4;R$ 25;R$ 50;;Águas Lindas Shopping
;CAPA EVOCLEAR 17 ;Capas;;1;R$ 25;R$ 50;;Águas Lindas Shopping
;CAPA MAGNETIC 16 PRO MAX;Capas;;10;R$ 30;R$ 60;;Águas Lindas Shopping
;CAPA MAGNETIC 15 PRO MAX;Capas;;5;R$ 30;R$ 60;;Águas Lindas Shopping
;CAPA SPACE 11;Capas;;2;R$ 8;R$ 30;;Águas Lindas Shopping
;CAPA SPACE 11 PRO MAX;Capas;;2;R$ 8;R$ 30;;Águas Lindas Shopping
;CAPA SPACE 12 PRO MAX;Capas;;3;R$ 8;R$ 30;;Águas Lindas Shopping
;CAPA SPACE 16 PRO MAX;Capas;;8;R$ 8;R$ 30;;Águas Lindas Shopping
;CAPA SPACE 14 PRO;Capas;;3;R$ 8;R$ 30;;Águas Lindas Shopping
;CAPA SPACE 16;Capas;;10;R$ 8;R$ 30;;Águas Lindas Shopping
;CAPA SPACE 14 ;Capas;;1;R$ 8;R$ 30;;Águas Lindas Shopping
;CAPA PREMIUN CASE 14;Capas;;5;R$ 18;R$ 30;;Águas Lindas Shopping
;CAPA PREMIUN CASE 13;Capas;;10;R$ 18;R$ 30;;Águas Lindas Shopping
;CAPA PREMIUN CASE 12/12PRO;Capas;;10;R$ 18;R$ 30;;Águas Lindas Shopping
;CAPA PREMIUN CASE 11;Capas;;7;R$ 18;R$ 30;;Águas Lindas Shopping
;CAPA PREMIUN CASE 16 PRO MAX;Capas;;5;R$ 18;R$ 30;;Águas Lindas Shopping
;CAPA PREMIUN CASE 17 PRO;Capas;;5;R$ 18;R$ 30;;Águas Lindas Shopping
;CAPA PREMIUN 16 PRO;Capas;;4;R$ 18;R$ 30;;Águas Lindas Shopping
;CAPA PREMIUN CASE 15 PRO MAX;Capas;;1;R$ 18;R$ 30;;Águas Lindas Shopping
;CAPA PREMIUN CASE 15;Capas;;1;R$ 18;R$ 30;;Águas Lindas Shopping
;CAPA CLAER CASE 17 PRO MAX;Capas;;3;R$ 25;R$ 50;;Águas Lindas Shopping
;CAPA CLEAR CASE 17 PRO;Capas;;6;R$ 25;R$ 50;;Águas Lindas Shopping
;CAPA CLEAR CASE 16 PRO MAX;Capas;;13;R$ 25;R$ 50;;Águas Lindas Shopping
;CAPA CLEAR CASE 15 PRO MAX;Capas;;10;R$ 25;R$ 50;;Águas Lindas Shopping
;CAPA CLEAR CASE 14 PRO MAX;Capas;;11;R$ 25;R$ 50;;Águas Lindas Shopping
;CAPA CLEAR CASE 14;Capas;;4;R$ 25;R$ 50;;Águas Lindas Shopping
;CAPA VIP TOP C/MAGSAFE  16 PRO MAX;Capas;;2;R$ 20;R$ 50;;Águas Lindas Shopping
;CAPA VIP TOP C/MAGSAFE 14 PRO MAX;Capas;;1;R$ 20;R$ 50;;Águas Lindas Shopping
;CAPA VIP TOP C/MAGSAFE 17 PRO;Capas;;5;R$ 20;R$ 50;;Águas Lindas Shopping
;CAPA AGGLAS 16 PRO MAX;Capas;;5;R$ 18;R$ 30;;Águas Lindas Shopping
;CAPA AGGLAS 13 PRO MAX;Capas;;3;R$ 18;R$ 30;;Águas Lindas Shopping
;CAPA AGGGLAS 14 PRO MAX;Capas;;2;R$ 18;R$ 30;;Águas Lindas Shopping
;CAPA TURU CASE 13 PRO;Capas;;6;R$ 15;R$ 30;;Águas Lindas Shopping
;CAPA TURU CASE 11;Capas;;6;R$ 15;R$ 30;;Águas Lindas Shopping
;CAPA TURU CASE 13;Capas;;4;R$ 15;R$ 30;;Águas Lindas Shopping
;CAPA TURU CASE 15;Capas;;5;R$ 15;R$ 30;;Águas Lindas Shopping
;CAPA TURU CASE 15 PRO MAX;Capas;;2;R$ 15;R$ 30;;Águas Lindas Shopping
;CAPA TURU CASE 16 PRO MAX;Capas;;1;R$ 15;R$ 30;;Águas Lindas Shopping
;CAPA TURU CASE 16 PRO;Capas;;1;R$ 15;R$ 30;;Águas Lindas Shopping
;CAPA TURU CASE 17 PRO MAX;Capas;;2;R$ 15;R$ 30;;Águas Lindas Shopping
;CAPA SMART IPAD 9;Capas;;6;R$ 35;R$ 70;;Águas Lindas Shopping
;CAPA C/TECLADO IPAD 9;Capas;;2;R$ 140;R$ 250;;Águas Lindas Shopping
;CAPA SMART IPAD 10/11;Capas;;5;R$ 35;R$ 70;;Águas Lindas Shopping
;CAPA GIRATORIA REDMI PAD SE ;Capas;;1;R$ 30;R$ 70;;Águas Lindas Shopping
;CAPA SMART REDMI PAD SE ;Capas;;3;R$ 35;R$ 70;;Águas Lindas Shopping
;CAPA GIRATORIA REDMI PAD SE ;Capas;;6;R$ 30;R$ 70;;Águas Lindas Shopping
;CAPA TPU REDMI PAD SE ;Capas;;2;R$ 8;R$ 30;;Águas Lindas Shopping
;CABO KIMASTER V8;Carregadores;;11;R$ 8;R$ 30;;Águas Lindas Shopping
;CABO KIMASTER TYPEC/LIGHTNING ;Carregadores;;10;R$ 8;R$ 30;;Águas Lindas Shopping
;CABO KIMASTER USB/LIGHTNING;Carregadores;;6;R$ 8;R$ 30;;Águas Lindas Shopping
;CABO KIMASTER USB/TYPEC;Carregadores;;8;R$ 8;R$ 30;;Águas Lindas Shopping
;CABO KIMASTER TYPEC/TYPEC;Carregadores;;14;R$ 8;R$ 30;;Águas Lindas Shopping
;CANETA MAXGOOD;Acessórios Apple ;;5;R$ 100;R$ 180;;Águas Lindas Shopping
;MOUSE GAMER ;Acessórios - Geral;;2;R$ 70;R$ 140;;Águas Lindas Shopping
;TECLADO DOBRAVEL;Periféricos ;;3;R$ 60;R$ 120;;Águas Lindas Shopping
;SUPORTE P/FONE ;Periféricos ;;3;R$ 30;R$ 60;;Águas Lindas Shopping
;KIT TECLADO E MOUSE ;Periféricos ;;4;R$ 65;R$ 120;;Águas Lindas Shopping
;TECLADO GAMER;Periféricos ;;3;R$ 70;R$ 140;;Águas Lindas Shopping
;FONE GAMER ;Periféricos ;;2;R$ 85;R$ 200;;Águas Lindas Shopping
;CABO KIMASTER USB/TYPEC;Carregadores;;6;R$ 8;R$ 30;;Águas Lindas Shopping
;FONTE ORIGINAL 35W;Carregadores;;1;R$ 155;R$ 255;C4H41068E6R2NH0C3;Águas Lindas Shopping
;FONTE ORIGINAL 35W;Carregadores;;1;R$ 155,00;R$ 255,00;C4H4106REUW2NH0CH;Águas Lindas Shopping
;FONTE ORIGINAL 35W;Carregadores;;1;R$ 155,00;R$ 255,00;C4H41067NCB2NH0CU;Águas Lindas Shopping
;FONTE ORIGINAL 35W;Carregadores;;1;R$ 155,00;R$ 255,00;C4H41062XJ92NH0CJ;Águas Lindas Shopping
;FONTE ORIGINAL APPLE;Carregadores;;1;R$ 91,00;R$ 150,00;SC4H51121XDGPK84A9;Águas Lindas Shopping
;FONTE ORIGINAL APPLE;Carregadores;;1;R$ 91,00;R$ 150,00;SC4H51121F8CPK84AA;Águas Lindas Shopping
;FONTE ORIGINAL APPLE;Carregadores;;1;R$ 91,00;R$ 150,00;SC4H51121MY4PK84A8;Águas Lindas Shopping
;FONTE ORIGINAL APPLE;Carregadores;;1;R$ 91,00;R$ 150,00;SC4H511222ASPK84A0;Águas Lindas Shopping
;CONTROLE PS5 PRETO;Acessórios - Geral;;1;R$ 460,00;R$ 560,00;100003936;Águas Lindas Shopping
;CONTROLE PS5 BRANCO;Acessórios - Geral;;1;R$ 460;R$ 560,00;100003935;Águas Lindas Shopping
;JBL CLIP 5;Áudio;;1;R$ 350,00;R$ 450,00;DH0100-IP0325771;Águas Lindas Shopping
;JBL CLIP 5;Áudio;;1;R$ 350,00;R$ 450,00;DT0163-JP0036149;Águas Lindas Shopping
;JBL BOOMBOX 4;Áudio;;1;R$ 2.280,00;R$ 2.380,00;TL1876-LP0133687;Águas Lindas Shopping
;0;;;;;;;Águas Lindas Shopping
;JBL TUNE 500;Áudio;;1;R$ 85,00;R$ 149,00;TL0701-JL0547944;Águas Lindas Shopping
;JBL TUNE 500;Áudio;;1;R$ 126,87;R$ 149,00;MM0082-DO1825840;Águas Lindas Shopping
;JBL TUNE 500;Áudio;;1;R$ 126,87;R$ 149,00;MM0082-DO1826751;Águas Lindas Shopping
;JBL TUNE 500;Áudio;;1;R$ 126,87;R$ 149,00;MM0082-DO1825488;Águas Lindas Shopping
