id;imei;marca;modelo;cor;tipo;quantidade;valorCusto;valorVendaSugerido;vendaRecomendada;saudeBateria;loja;estoqueConferido;assistenciaConferida;condicao;historicoCusto;historicoValorRecomendado;statusNota;origemEntrada
;354570352595239;APPLE;IPHONE 15 PRO MAX 512GB;AZUL TITANIUM;SEMINOVO;1; R$ 4.762,00 ;R$ 5.000,00;R$ 5.000,00;84%;Shopping Sul;true;true;;;;;
;351016861385186;APPLE;IPHONE 15 PRO MAX 512GB;AZUL TITANIUM;SEMINOVO;1; R$ 4.765,00 ;R$ 4.965,00;R$ 4.965,00;83%;Shopping Sul;true;true;;;;;
;350496301426983;APPLE;IPHONE 15 PRO MAX 256GB;AZUL TITANIUM;SEMINOVO;1; R$ 4.065,00 ;R$ 4.400,00;R$ 4.400,00;85%;Shopping Sul;true;true;;;;;
;354509713573311;APPLE;IPHONE 13 PRO 128GB;BRANCO;SEMINOVO;1; R$ 2.450,00 ;R$ 2.700,00;R$ 2.700,00;80%;Shopping Sul;true;true;;;;;
;352203773275734;APPLE;IPHONE 13 PRO 128GB;BRANCO;SEMINOVO;1; R$ 2.450,00 ;R$ 2.700,00;R$ 2.700,00;80%;Shopping Sul;true;true;;;;;
;350585972091330;APPLE;IPHONE 13 PRO 256GB;BRANCO;SEMINOVO;1; R$ 2.565,00 ;R$ 2.800,00;R$ 2.800,00;81%;Shopping Sul;true;true;;;;;
;358823341685744;APPLE;IPHONE 13 PRO 256GB;BRANCO;SEMINOVO;1; R$ 2.565,00 ;R$ 2.800,00;R$ 2.800,00;81%;Shopping Sul;true;true;;;;;
;356825820612133;APPLE;IPHONE 13 128GB;BRANCO;SEMINOVO;1; R$ 1.835,00 ;R$ 2.050,00;R$ 2.050,00;82%;Shopping Sul;true;true;;;;;
;355135694571972;APPLE;IPHONE 16 PRO MAX 256GB;DESERT TITANIUM;SEMINOVO;1; R$ 5.486,00 ;R$ 5.700,00;R$ 5.700,00;90%;Shopping Sul;true;true;;;;;
;355445521500684;APPLE;IPHONE 16 PRO MAX 256GB;DESERT TITANIUM;SEMINOVO;1; R$ 5.486,00 ;R$ 5.700,00;R$ 5.700,00;89%;Shopping Sul;true;true;;;;;
;359447961318441;APPLE;IPHONE 16 PRO MAX 256GB;DESERT TITANIUM;SEMINOVO;1; R$ 5.486,00 ;R$ 5.700,00;R$ 5.700,00;96%;Shopping Sul;true;true;;;;;
;355762295059824;APPLE;IPHONE 16 PRO MAX 256GB;DESERT TITANIUM;SEMINOVO;1; R$ 5.486,00 ;R$ 5.700,00;R$ 5.700,00;91%;Shopping Sul;true;true;;;;;
;352657190491259;APPLE;IPHONE 16 PRO 128GB;DESERT TITANIUM;SEMINOVO;1; R$ 4.500,00 ;R$ 4.700,00;R$ 4.700,00;91%;Shopping Sul;true;true;;;;;
;353851662387462;APPLE;IPHONE 13 PRO 256GB;DOURADO;SEMINOVO;1; R$ 2.565,00 ;R$ 2.840,00;R$ 2.840,00;85%;Shopping Sul;true;true;;;;;
;350585974511905;APPLE;IPHONE 13 PRO 128GB;GRAFITE;SEMINOVO;1; R$ 2.450,00 ;R$ 2.700,00;R$ 2.700,00;84%;Shopping Sul;true;true;;;;;
;351001686980064;APPLE;IPHONE 12 PRO 128GB;GRAFITE;SEMINOVO;1; R$ 1.800,00 ;R$ 2.050,00;R$ 2.050,00;93%;Shopping Sul;true;true;;;;;
;353073114439532;APPLE;IPHONE 12 PRO 128GB;GRAFITE;SEMINOVO;1; R$ 1.800,00 ;R$ 2.050,00;R$ 2.050,00;94%;Shopping Sul;true;true;;;;;
;359428791762396;APPLE;IPHONE 15 PRO MAX 1TB;NATURA TITANIUM;SEMINOVO;1; R$ 4.715,00 ;R$ 4.950,00;R$ 4.950,00;85%;Shopping Sul;true;true;;;;;
;359711531554847;APPLE;IPHONE 15 PRO MAX 1TB;NATURA TITANIUM;SEMINOVO;1; R$ 4.715,00 ;R$ 4.950,00;R$ 4.950,00;85%;Shopping Sul;true;true;;;;;
;354570357920085;APPLE;IPHONE 15 PRO MAX 512GB;NATURAL TITANIUM;SEMINOVO;1; R$ 4.315,00 ;R$ 4.600,00;R$ 4.600,00;83%;Shopping Sul;true;true;;;;;
;352847942082726;APPLE;IPHONE 15 PRO MAX 256GB;NATURAL TITANIUM;SEMINOVO;1; R$ 4.114,05 ;R$ 4.500,00;R$ 4.500,00;82%;Shopping Sul;true;true;;;;;
;359711534201990;APPLE;IPHONE 15 PRO MAX 1TB;NATURAL TITANIUM;SEMINOVO;1; R$ 4.865,00 ;R$ 5.065,00;R$ 5.065,00;85%;Shopping Sul;true;true;;;;;
;359897652685377;APPLE;IPHONE 15 PRO MAX 512GB;NATURAL TITANIUM;SEMINOVO;1; R$ 4.665,00 ;R$ 4.900,00;R$ 4.900,00;85%;Shopping Sul;true;true;;;;;
;351306995669955;APPLE;IPHONE 15 PRO MAX 1TB;NATURAL TITANIUM;SEMINOVO;1; R$ 4.875,00 ;R$ 5.100,00;R$ 5.100,00;88%;Shopping Sul;true;true;;;;;
;354570353872223;APPLE;IPHONE 15 PRO MAX 1TB;NATURAL TITANIUM;SEMINOVO;1; R$ 4.875,00 ;R$ 5.100,00;R$ 5.100,00;84%;Shopping Sul;true;true;;;;;
;359711531968815;APPLE;IPHONE 15 PRO MAX 1TB;NATURAL TITANIUM;SEMINOVO;1; R$ 4.875,00 ;R$ 5.100,00;R$ 5.100,00;82%;Shopping Sul;true;true;;;;;
;353628231953432;APPLE;IPHONE 15 PRO 128GB;PRETO;SEMINOVO;1; R$ 3.628,98 ;R$ 3.828,98;R$ 3.828,98;89%;Shopping Sul;true;true;;;;;
;350808237705308;APPLE;IPHONE 14 128GB;PRETO;SEMINOVO;1; R$ 2.020,00 ;R$ 2.250,00;R$ 2.250,00;82%;Shopping Sul;true;true;;;;;
;350808234956987;APPLE;IPHONE 14 128GB;PRETO;SEMINOVO;1; R$ 2.020,00 ;R$ 2.250,00;R$ 2.250,00;80%;Shopping Sul;true;true;;;;;
;358036530877994;APPLE;IPHONE 15 PRO 128GB;PRETO;SEMINOVO;1; R$ 3.550,00 ;R$ 3.750,00;R$ 3.750,00;88%;Shopping Sul;true;true;;;;;
;353742534412010;APPLE;IPHONE 14 PRO MAX 128GB;PRETO;SEMINOVO;1; R$ 3.300,00 ;R$ 3.600,00;R$ 3.600,00;83%;Shopping Sul;true;true;;;;;
;357938434169041;APPLE;IPHONE 14 PRO MAX 128GB;PRETO;SEMINOVO;1; R$ 3.300,00 ;R$ 3.600,00;R$ 3.600,00;82%;Shopping Sul;true;true;;;;;
;351109792870358;APPLE;IPHONE 14 PRO MAX 128GB;PRETO;SEMINOVO;1; R$ 3.300,00 ;R$ 3.600,00;R$ 3.600,00;82%;Shopping Sul;true;true;;;;;
;353742530057793;APPLE;IPHONE 14 PRO MAX 128GB;PRETO;SEMINOVO;1; R$ 3.300,00 ;R$ 3.600,00;R$ 3.600,00;80%;Shopping Sul;true;true;;;;;
;359702377232119;APPLE;IPHONE 14 PRO MAX 128GB;PRETO;SEMINOVO;1; R$ 3.300,00 ;R$ 3.600,00;R$ 3.600,00;85%;Shopping Sul;true;true;;;;;
;351446989471446;APPLE;IPHONE 14 PRO MAX 128GB;PRETO;SEMINOVO;1; R$ 3.300,00 ;R$ 3.600,00;R$ 3.600,00;81%;Shopping Sul;true;true;;;;;
;355348891030573;APPLE;IPHONE 14 PLUS 128GB;PRETO;SEMINOVO;1; R$ 2.250,00 ;R$ 2.550,00;R$ 2.550,00;82%;Shopping Sul;true;true;;;;;
;353696744728989;APPLE;IPHONE 14 PLUS 128GB;PRETO;SEMINOVO;1; R$ 2.250,00 ;R$ 2.550,00;R$ 2.550,00;84%;Shopping Sul;true;true;;;;;
;355901949840755;APPLE;IPHONE 14 PRO MAX 128GB;PRETO;SEMINOVO;1; R$ 3.300,00 ;R$ 3.550,00;R$ 3.550,00;89%;Shopping Sul;true;true;;;;;
;356200549350136;APPLE;IPHONE 14 PRO MAX 128GB;PRETO;SEMINOVO;1; R$ 3.300,00 ;R$ 3.550,00;R$ 3.550,00;87%;Shopping Sul;true;true;;;;;
;355822262515628;APPLE;IPHONE 14 PRO MAX 256GB;PRETO;SEMINOVO;1; R$ 3.450,00 ;R$ 3.700,00;R$ 3.700,00;82%;Shopping Sul;true;true;;;;;
;351446987037637;APPLE;IPHONE 14 PRO MAX 128GB;PRETO;SEMINOVO;1; R$ 3.315,00 ;R$ 3.550,00;R$ 3.550,00;85%;Shopping Sul;true;true;;;;;
;356295608270290;APPLE;IPHONE 16 PRO 256GB;PRETO;SEMINOVO;1; R$ 4.620,00 ;R$ 4.820,00;R$ 4.820,00;94%;Shopping Sul;true;true;;;;;
;356371483437237;APPLE;IPHONE 15 PRO MAX 512GB;PRETO TITANIUM;SEMINOVO;1; R$ 4.715,00 ;R$ 4.915,00;R$ 4.915,00;84%;Shopping Sul;true;true;;;;;
;350496305705150;APPLE;IPHONE 15 PRO MAX 1TB;PRETO TITANIUM;SEMINOVO;1; R$ 4.875,00 ;R$ 5.100,00;R$ 5.100,00;91%;Shopping Sul;true;true;;;;;
;353177649835674;APPLE;IPHONE 15 128GB;ROSA;SEMINOVO;1; R$ 2.815,00 ;R$ 3.050,00;R$ 3.050,00;87%;Shopping Sul;true;true;;;;;
;353992310048880;APPLE;IPHONE 15 128GB;ROSA;SEMINOVO;1; R$ 2.815,00 ;R$ 3.050,00;R$ 3.050,00;82%;Shopping Sul;true;true;;;;;
;351055825900391;APPLE;IPHONE 14 PRO 128GB;ROXO;SEMINOVO;1; R$ 2.600,00 ;R$ 2.800,00;R$ 2.800,00;81%;Shopping Sul;true;true;;;;;
;354183138480245;APPLE;IPHONE 14 PRO 128GB;ROXO;SEMINOVO;1; R$ 2.715,00 ;R$ 3.000,00;R$ 3.000,00;88%;Shopping Sul;true;true;;;;;
;359712286899874;APPLE;IPHONE 14 PRO 128GB;ROXO;SEMINOVO;1; R$ 2.715,00 ;R$ 3.000,00;R$ 3.000,00;86%;Shopping Sul;true;true;;;;;
;350308313573266;APPLE;IPHONE 14 PRO 128GB;ROXO;SEMINOVO;1; R$ 2.715,00 ;R$ 3.000,00;R$ 3.000,00;84%;Shopping Sul;true;true;;;;;
;357712760785112;APPLE;IPHONE 14 PRO 128GB;ROXO;SEMINOVO;1; R$ 2.715,00 ;R$ 3.000,00;R$ 3.000,00;80%;Shopping Sul;true;true;;;;;
;356240871265825;APPLE;IPHONE 14 PRO 128GB;ROXO;SEMINOVO;1; R$ 2.715,00 ;R$ 3.000,00;R$ 3.000,00;82%;Shopping Sul;true;true;;;;;
;353294706878164;APPLE;IPHONE 14 PRO 128GB;ROXO;SEMINOVO;1; R$ 2.715,00 ;R$ 3.000,00;R$ 3.000,00;82%;Shopping Sul;true;true;;;;;
;354567626718548;APPLE;IPHONE 14 PRO 128GB;ROXO;SEMINOVO;1; R$ 2.715,00 ;R$ 3.000,00;R$ 3.000,00;83%;Shopping Sul;true;true;;;;;
;358057910317187;APPLE;IPHONE 14 PRO MAX 128GB ;ROXO;SEMINOVO;1; R$ 3.300,00 ;R$ 3.500,00;R$ 3.500,00;83%;Shopping Sul;true;true;;;;;
;355822264960681;APPLE;IPHONE 14 PRO MAX 256GB;ROXO;SEMINOVO;1; R$ 3.515,00 ;R$ 3.750,00;R$ 3.750,00;88%;Shopping Sul;true;true;;;;;
;357680881329054;APPLE;IPHONE 13 PRO MAX 128GB EM USO DA LOJA;GRAFITE;SEMINOVO;1; R$ 2.915,00 ;R$ 3.150,00;R$ 3.150,00;87%;Shopping Sul;true;true;;;;;
;356133316657005;APPLE;IPHONE 13 PRO 128GB;GRAFITE;SEMINOVO;1; R$ 2.411,00 ;R$ 2.611,00;R$ 2.611,00;87%;Shopping Sul;true;true;;;;;
;354009840848124;APPLE;IPHONE 12 PRO 128GB;AZUL;SEMINOVO;1; R$ 1.800,00 ;R$ 2.050,00;R$ 2.050,00;95%;Shopping Sul;true;true;;;;;
;352832402903900;APPLE;IPHONE 15 PRO MAX 256GB;AZUL;SEMINOVO;1; R$ 4.065,00 ;R$ 4.400,00;R$ 4.400,00;89%;Shopping Sul;true;true;;;;;
;35549633641707;APPLE;IPHONE 15 PRO MAX 512GB;NATURA TITANIUM;SEMINOVO;1; R$ 4.315,00 ;R$ 4.600,00;R$ 4.600,00;100%;Shopping Sul;true;true;;;;;
;353147474736693;APPLE;IPHONE 12 PRO 128GB;GRAFITE;SEMINOVO;1; R$ 1.800,00 ;R$ 2.050,00;R$ 2.050,00;94%;Shopping Sul;true;true;;;;;
;356145476876654;APPLE;IPHONE 14 128GB;AZUL;NOVO;1; R$ 3.450,00 ;R$ 3.550,00;R$ 3.550,00;100%;Shopping Sul;true;true;;;;;
;356913123345831;APPLE;IPHONE 16 128GB;AZUL;NOVO;1; R$ 4.150,00 ;R$ 4.250,00;R$ 4.250,00;100%;Shopping Sul;true;true;;;;;
;353930984628918;APPLE;IPHONE 13 128GB;BRANCO;NOVO;1; R$ 3.250,00 ;R$ 3.350,00;R$ 3.350,00;100%;Shopping Sul;true;true;;;;;
;357908790294717;APPLE;IPHONE 16 128GB;BRANCO;NOVO;1; R$ 4.300,00 ;R$ 4.400,00;R$ 4.400,00;100%;Shopping Sul;true;true;;;;;
;356151140903692;MOTOROLA;MOTO G24;GRAFITE;NOVO;1;R$ 628,71;R$ 730,00;R$ 730,00;100%;Shopping Sul;true;true;;;;;
;353689479198171;MOTOROLA;MOTO E 22 64GB 4 RAM;PRETO;NOVO;1;R$ 650,00;R$ 750,00;R$ 750,00;100%;Shopping Sul;true;true;;;;;
;357722594100834;MOTOROLA;MOTOROLA EDGE 50 FUSION 8/256GB;ROSA;NOVO;1;R$ 2.040,00;R$ 2.250,00;R$ 2.250,00;100%;Shopping Sul;true;true;;;;;
;353346280716655;MOTOROLA;MOTO G35 5G 128GB 4RAM;Green / Verde;SEMINOVO;1;R$ 1.490,00;R$ 1.590,00;R$ 1.590,00;100%;Shopping Sul;true;true;;;;;
;866173075788735;REALME;REALME C75 256GB 8RAM;PRETO;NOVO;1;R$ 1.100,00;R$ 1.200,00;R$ 1.200,00;100%;Shopping Sul;true;true;;;;;
;351816151452202;SAMSUNG;SAMSUNG GALAXY A25 5G 256GB 8RAM;AZUL CLARO;NOVO;1;R$ 1.180,00;R$ 1.280,00;R$ 1.280,00;100%;Shopping Sul;true;true;;;;;
;355609375940102;SAMSUNG;SAMSUNG GALAXY A07 128GB 4RAM;PRETO;NOVO;1;R$ 670,00;R$ 770,00;R$ 770,00;100%;Shopping Sul;true;true;;;;;
;355609377181564;SAMSUNG;SAMSUNG GALAXY A07 128GB 4RAM;PRETO;NOVO;1;R$ 670,00;R$ 770,00;R$ 770,00;100%;Shopping Sul;true;true;;;;;
;866326079543502;XIAOMI;REDMI NOTE 14 256GB 8RAM;AZUL;NOVO;1;R$ 980,00;R$ 1.080,00;R$ 1.080,00;100%;Shopping Sul;true;true;;;;;
;860993088946160;XIAOMI;REDMI A5 128GB 4RAM;AZUL;NOVO;1;R$ 570,00;R$ 650,00;R$ 650,00;100%;Shopping Sul;true;true;;;;;
;864830082361887;XIAOMI;REDMI A5 128GB 4RAM;DOURADO;NOVO;1;R$ 575,00;R$ 675,00;R$ 675,00;100%;Shopping Sul;true;true;;;;;
;67462/W5UZ04536;XIAOMI;REDMI PAD 2 256GB 8RAM;GRAFITE;NOVO;1;R$ 1.300,00;R$ 1.400,00;R$ 1.400,00;100%;Shopping Sul;true;true;;;;;
;867405079857200;XIAOMI;POCO X7 PRO 256GB 8RAM;PRETO;NOVO;1;R$ 1.860,00;R$ 1.960,00;R$ 1.960,00;100%;Shopping Sul;true;true;;;;;
;861103075137984;XIAOMI;REDMI A5 128GB 4RAM;PRETO;NOVO;1;R$ 570,00;R$ 670,00;R$ 670,00;100%;Shopping Sul;true;true;;;;;
;866213071073185;XIAOMI;REDMI NOTE 14S 256GB 8RAM;PRETO;NOVO;1;R$ 1.350,00;R$ 1.450,00;R$ 1.450,00;100%;Shopping Sul;true;true;;;;;
;861415077302345;XIAOMI;POCO X7 512GB 12RAM;PRETO;NOVO;1;R$ 1.530,00;R$ 1.630,00;R$ 1.630,00;100%;Shopping Sul;true;true;;;;;
;861415077863841;XIAOMI;POCO X7 256GB 8RAM;PRETO;NOVO;1;R$ 1.490,00;R$ 1.590,00;R$ 1.590,00;100%;Shopping Sul;true;true;;;;;
;863914084433505;XIAOMI;REDMI 15C 256GB 8RAM;PRETO;NOVO;1;R$ 780,00;R$ 880,00;R$ 880,00;100%;Shopping Sul;true;true;;;;;
;861444070412000;XIAOMI;POCO C85 256GB 8RAM;PRETO;NOVO;1;R$ 800,00;R$ 900,00;R$ 900,00;100%;Shopping Sul;true;true;;;;;
;860269080641640;XIAOMI;REDMI NOTE 14 256GB 8RAM;PRETO;NOVO;1;R$ 1.070,00;R$ 1.170,00;R$ 1.170,00;100%;Shopping Sul;true;true;;;;;
;861926087618801;XIAOMI;REDMI NOTE 14 PRO 256GB 8RAM;PRETO;NOVO;1;R$ 1.550,00;R$ 1.650,00;R$ 1.650,00;100%;Shopping Sul;true;true;;;;;
;869353086819524;XIAOMI;REDMI A5 128GB 4RAM;PRETO;NOVO;1;R$ 600,00;R$ 700,00;R$ 700,00;100%;Shopping Sul;true;true;;;;;
;865347077023561;XIAOMI;POCO X7 PRO 512GB 12RAM;PRETO;NOVO;1;R$ 2.200,00;R$ 2.300,00;R$ 2.300,00;100%;Shopping Sul;true;true;;;;;
;860176073415645;XIAOMI;REDMI 15 256GB 8RAM;PRETO;NOVO;1;R$ 930,00;R$ 1.030,00;R$ 1.030,00;100%;Shopping Sul;true;true;;;;;
;861036075906125;XIAOMI;REDMI NOTE 14 5G 256GB 8RAM;PRETO;NOVO;1;R$ 1.280,00;R$ 1.380,00;R$ 1.380,00;100%;Shopping Sul;true;true;;;;;
;868617086090208;XIAOMI;REDMI NOTE 14 PRO 256GB 8RAM;PRETO;NOVO;1;R$ 1.400,00;R$ 1.500,00;R$ 1.500,00;100%;Shopping Sul;true;true;;;;;
;861926086087586;XIAOMI;REDMI NOTE 14 PRO 256GB 8RAM;PRETO;NOVO;1;R$ 1.400,00;R$ 1.500,00;R$ 1.500,00;100%;Shopping Sul;true;true;;;;;
;868617086281443;XIAOMI;REDMI NOTE 14 PRO 256GB 8RAM;PRETO;NOVO;1;R$ 1.400,00;R$ 1.500,00;R$ 1.500,00;100%;Shopping Sul;true;true;;;;;
;868311084824368;XIAOMI;POCO X7 PRO 256GB 8RAM;PRETO;NOVO;1;R$ 1.780,00;R$ 1.880,00;R$ 1.880,00;100%;Shopping Sul;true;true;;;;;
;861415078377080;XIAOMI;POCO X7 512GB 12RAM;VERDE;NOVO;1;R$ 1.750,00;R$ 1.850,00;R$ 1.850,00;100%;Shopping Sul;true;true;;;;;
;868311086994466;XIAOMI;POCO X7 PRO 512GB 12RAM;VERDE;NOVO;1;R$ 2.170,00;R$ 2.270,00;R$ 2.270,00;100%;Shopping Sul;true;true;;;;;
;863914085017182;XIAOMI;REDMI 15C 256GB 8RAM;VERDE;NOVO;1;R$ 810,00;R$ 910,00;R$ 910,00;100%;Shopping Sul;true;true;;;;;
;861036070487642;XIAOMI;REDMI NOTE 14 5G 256GB 8RAM;VERDE;NOVO;1;R$ 1.600,00;R$ 1.700,00;R$ 1.700,00;100%;Shopping Sul;true;true;;;;;
;860534072112821;XIAOMI;POCO C85 256GB 8RAM;VERDE;NOVO;1;R$ 795,00;R$ 895,00;R$ 895,00;100%;Shopping Sul;true;true;;;;;
;353887199288625;APPLE;iPhone 15 – 128 GB;ROSA;Seminovo;1; R$ 2.750,00 ;R$ 3.000,00;R$ 3.000,00;83%;Shopping Sul;true;true;;;;;
;359867881800626;APPLE;iPhone 15 – 128 GB;ROSA;NOVO;1; R$ 3.500,00 ;R$ 3.600,00;R$ 3.600,00;100%;Shopping Sul;true;true;;;;;
;351194965115682;APPLE;IPHONE 12 PRO-128GB;GRAFITE;SEMINOVO;1; R$ 1.400,00 ;R$ 1.600,00;R$ 1.600,00;81%;Shopping Sul;true;true;;;;;
;355900700959663;APPLE;IPHONE 11- 64GB;BRANCO;SEMINOVO;1; R$ 200,00 ;R$ 550,09;R$ 550,09;86%;Shopping Sul;true;true;;;;;
;357695720869888;APPLE;IPHONE 15 PRO-256GB;NATURAL TITANIUM;Seminovo;1; R$ 3.600,00 ;R$ 3.800,00;R$ 3.800,00;89%;Shopping Sul;true;true;;;;;
;355125536751064;APPLE;IPHONE 11-64GB;PRETO;Seminovo;1; R$ 500,00 ;R$ 880,00;R$ 880,00;100%;Shopping Sul;true;true;;;;;
;354245334552000;APPLE;IPHONE 12 PRO MAX-128GB;DOURADO;Seminovo;1; R$ 2.200,00 ;R$ 2.400,00;R$ 2.400,00;81%;Shopping Sul;true;true;;;;;
;353754682478800;APPLE;IPHONE 13 PRO-128GB;GRAFITE;Seminovo;1; R$ 2.450,00 ;R$ 2.700,00;R$ 2.700,00;85%;Shopping Sul;true;true;;;;;
;358540301023035;APPLE;IPHONE 14 PRO MAX -256GB;PRETO;Seminovo;1; R$ 3.450,00 ;R$ 3.700,00;R$ 3.700,00;94%;Shopping Sul;true;true;;;;;
;351771403361059;APPLE;IPHONE 17 PRO MAX -256GB;SILVER;NOVO;1; R$ 8.350,00 ;R$ 8.450,00;R$ 8.450,00;100%;Shopping Sul;true;true;;;;;
;65577/W5ZS05277;XIAOMI;REDMI PAD 2 566GB 8RAM;GRAFITE;NOVO;1;R$ 1.200,00;R$ 1.300,00;R$ 1.300,00;100%;Shopping Sul;true;true;;;;;
;860534079766801;XIAOMI;POCO C85 256GB 8RAM;VERDE;Novo;1;R$ 795,00;R$ 895,00;R$ 895,00;100%;Shopping Sul;true;true;;;;;
;LQ9P9XJFHN;APPLE;IPAD 11 128GB;SILVER;Novo;1; R$ 2.650,00 ;R$ 2.750,00;R$ 2.750,00;100%;Shopping Sul;true;true;;;;;
;JCQVY67V4V;APPLE;IPAD 10 64GB ;ROSA;Novo;1; R$ 2.300,00 ;R$ 2.400,00;R$ 2.400,00;100%;Shopping Sul;true;true;;;;;
;352362881989568;APPLE;IPHONE 13 PRO MAX ;BRANCO;Seminovo;1;R$ 2.700,00;R$ 2.900,00;R$ 2.900,00;83%;Shopping Sul;true;true;;;;;
;354451587251007;APPLE;IPHONE 15 128GB;AZUL;Novo;1;R$ 3.550,00;R$ 3.650,00;R$ 3.650,00;100%;Shopping Sul;true;true;;;;;
;355224256034999;APPLE;IPHONE 17 PRO MAX 256GB;LARANJA;Novo;1;R$ 8.000,00;R$ 8.100,00;R$ 8.100,00;100%;Shopping Sul;true;true;;;;;
;351063317208497;APPLE;IPHONE 13 128GB;BRANCO;Seminovo;1;R$ 1.600,00;R$ 1.800,00;R$ 1.800,00;85%;Shopping Sul;true;true;;;;;
;352484817205552;APPLE;IPHONE 12 64GB;BRANCO;Seminovo;1;R$ 1.150,00;R$ 1.350,00;R$ 1.350,00;81%;Shopping Sul;true;true;;;;;
;354039664327525;APPLE;IPHOINE 11 128GB;PRETO;Seminovo;1;R$ 400,00;R$ 650,00;R$ 650,00;85%;Shopping Sul;true;true;;;;;
;354196710143197;APPLE;IPHONE 15 128GB ;ROSA;Novo;1;R$ 3.550,00;R$ 3.650,00;R$ 3.650,00;100%;Shopping Sul;true;true;;;;;
;357140348031447;APPLE;IPHONE 16 128GB ;ROSA;Novo;1;R$ 4.300,00;R$ 4.400,00;R$ 4.400,00;100%;Shopping Sul;true;true;;;;;
;352901119323759;APPLE;IPHONE 11 64GB ;PRETO;Seminovo;1;R$ 970,00;R$ 1.200,00;R$ 1.200,00;85%;Shopping Sul;true;true;;;;;
;353042117120522;APPLE;IPHONE 12 128GB ;BRANCO;Seminovo;1;R$ 1.400,00;R$ 1.600,00;R$ 1.600,00;80%;Shopping Sul;true;true;;;;;
;353503756676041;APPLE;IPHONE 12 128GB ;AZUL;Seminovo;1;R$ 1.200,00;R$ 1.400,00;R$ 1.400,00;81%;Shopping Sul;true;true;;;;;
;356714112673864;APPLE;IPHONE 12 PRO MAX 256GB ;BRANCO;Seminovo;1;R$ 2.000,00;R$ 2.200,00;R$ 2.200,00;81%;Shopping Sul;true;true;;;;;
;351240612320181;APPLE;IPHONE 15 128GB ;PRETO;Seminovo;1;R$ 2.800,00;R$ 3.000,00;R$ 3.000,00;89%;Shopping Sul;true;true;;;;;
;351016868155426;APPLE;IPHONE 15 PRO MAX 256GB ;AZUL TITANUIM;Seminovo;1;R$ 4.000,00;R$ 4.200,00;R$ 4.200,00;88%;Shopping Sul;true;true;;;;;
;354379770418895;APPLE;IPHONE 15 PRO MAX 256GB ;AZUL TITANIUM;Seminovo;1;R$ 4.100,00;R$ 4.400,00;R$ 4.400,00;87%;Shopping Sul;true;true;;;;;
;355364283615269;APPLE;IPHONE 15 PRO MAX 256GB;AZUL TITANIUM;Seminovo;1;R$ 4.000,00;R$ 4.200,00;R$ 4.200,00;88%;Shopping Sul;true;true;;;;;
;351071522877907;APPLE;IPHONE 15 PRO MAX 256GB;NATURAL TITANIUM;Seminovo;1;R$ 4.000,00;R$ 4.200,00;R$ 4.200,00;85%;Shopping Sul;true;true;;;;;
;355496933641707;APPLE;IPHONE 15 PRO MAX 512GB ;NATURAL TITANIUM;Seminovo;1;R$ 4.315,00;R$ 4.600,00;R$ 4.600,00;100%;Shopping Sul;true;true;;;;;
;352373266012322;APPLE;IPHONE 16 PLUS 128GB ;BRANCO;Seminovo;1;R$ 3.800,00;R$ 4.000,00;R$ 4.000,00;100%;Shopping Sul;true;true;;;;;
;350138781397124;APPLE;IPHONE 16E 128GB ;PRETO;Seminovo;1;R$ 2.800,00;R$ 3.000,00;R$ 3.000,00;100%;Shopping Sul;true;true;;;;;
;GJ9XTEGTJ5X4;APPLE;APPLE WATCH SÉRIE 3;PRETO;SEMINOVO;1; R$ 100,00 ; R$ 300,00 ; R$ 300,00 ;73%;JK Shopping;true;true;;;;;
;352949113686986;APPLE;APPLE WATCH SE 44MM;SILVER;SEMINOVO;1; R$ 650,00 ; R$ 850,00 ; R$ 850,00 ;92%;JK Shopping;true;true;;;;;
;353037114155596;APPLE;IPHONE 12 64GB;PRETO;SEMINOVO;1; R$ 1.200,00 ; R$ 1.400,00 ; R$ 1.400,00 ;82%;JK Shopping;true;true;;;;;
;350725916124363;APPLE;IPHONE 12 256GB;VERDE;SEMINOVO;1; R$ 1.625,00 ; R$ 1.825,00 ; R$ 1.825,00 ;85%;JK Shopping;true;true;;;;;
;359827482071043;APPLE;IPHONE 12 256GB;AZUL;SEMINOVO;1; R$ 1.300,00 ; R$ 1.500,00 ; R$ 1.500,00 ;82%;JK Shopping;true;true;;;;;
;356680116332767;APPLE;IPHONE 12 PRO 128GB;GRAFITE;SEMINOVO;1; R$ 1.800,00 ; R$ 2.050,00 ; R$ 2.050,00 ;84%;JK Shopping;true;true;;;;;
;358522148208128;APPLE;IPHONE 12 PRO 128GB;GRAFITE;SEMINOVO;1; R$ 1.800,00 ; R$ 2.050,00 ; R$ 2.050,00 ;88%;JK Shopping;true;true;;;;;
;359173733238929;APPLE;IPHONE 12 PRO MAX 128GB;AZUL PACÍFICO;SEMINOVO;1; R$ 2.200,00 ; R$ 2.400,00 ; R$ 2.400,00 ;82%;JK Shopping;true;true;;;;;
;359773717858210;APPLE;IPHONE 13 128GB;BRANCO;SEMINOVO;1; R$ 2.000,00 ; R$ 2.200,00 ; R$ 2.200,00 ;85%;JK Shopping;true;true;;;;;
;351138109209190;APPLE;IPHONE 13 128GB;BRANCO;SEMINOVO;1; R$ 1.835,00 ; R$ 2.120,00 ; R$ 2.120,00 ;85%;JK Shopping;true;true;;;;;
;351138104265247;APPLE;IPHONE 13 128GB;BRANCO;SEMINOVO;1; R$ 1.835,00 ; R$ 2.050,00 ; R$ 2.050,00 ;78%;JK Shopping;true;true;;;;;
;357500964297392;APPLE;IPHONE 13 128GB;PRETO;SEMINOVO;1; R$ 1.835,00 ; R$ 2.050,00 ; R$ 2.050,00 ;82%;JK Shopping;true;true;;;;;
;358265584115775;APPLE;IPHONE 13 128GB;BRANCO;SEMINOVO;1; R$ 1.800,00 ; R$ 2.000,00 ; R$ 2.000,00 ;82%;JK Shopping;true;true;;;;;
;356199674187562;APPLE;IPHONE 13 256GB;PRETO;SEMINOVO;1; R$ 2.115,00 ; R$ 2.350,00 ; R$ 2.350,00 ;84%;JK Shopping;true;true;;;;;
;359456494324370;APPLE;IPHONE 13 PRO MAX 128GB;AZUL SIERRA;SEMINOVO;1; R$ 2.500,00 ; R$ 2.850,00 ; R$ 2.850,00 ;100%;JK Shopping;true;true;;;;;
;351836493228532;APPLE;IPHONE 14 128GB;BRANCO;SEMINOVO;1; R$ 2.020,00 ; R$ 2.250,00 ; R$ 2.250,00 ;78%;JK Shopping;true;true;;;;;
;350808235017359;APPLE;IPHONE 14 128GB;PRETO;SEMINOVO;1; R$ 2.020,00 ; R$ 2.250,00 ; R$ 2.250,00 ;81%;JK Shopping;true;true;;;;;
;356165442236940;APPLE;IPHONE 14 128GB;PRETO;SEMINOVO;1; R$ 2.020,00 ; R$ 2.250,00 ; R$ 2.250,00 ;80%;JK Shopping;true;true;;;;;
;354807371160797;APPLE;IPHONE 14 128GB;PRETO;SEMINOVO;1; R$ 2.020,00 ; R$ 2.250,00 ; R$ 2.250,00 ;82%;JK Shopping;true;true;;;;;
;356691190204756;APPLE;IPHONE 14 128GB;PRETO;SEMINOVO;1; R$ 2.020,00 ; R$ 2.250,00 ; R$ 2.250,00 ;80%;JK Shopping;true;true;;;;;
;353557675575569;APPLE;IPHONE 14 128GB;PRETO;SEMINOVO;1; R$ 2.020,00 ; R$ 2.250,00 ; R$ 2.250,00 ;80%;JK Shopping;true;true;;;;;
;354934749466647;APPLE;IPHONE 14 128GB;PRETO;SEMINOVO;1; R$ 2.000,00 ; R$ 2.250,00 ; R$ 2.250,00 ;85%;JK Shopping;true;true;;;;;
;350928995499967;APPLE;IPHONE 14 128GB;PRETO;SEMINOVO;1; R$ 2.000,00 ; R$ 2.250,00 ; R$ 2.250,00 ;85%;JK Shopping;true;true;;;;;
;358832599270067;APPLE;IPHONE 14 128GB;AZUL SIERRA;SEMINOVO;1; R$ 2.015,00 ; R$ 2.250,00 ; R$ 2.250,00 ;82%;JK Shopping;true;true;;;;;
;356795453728268;APPLE;IPHONE 14 128GB;PRETO;SEMINOVO;1; R$ 2.015,00 ; R$ 2.250,00 ; R$ 2.250,00 ;82%;JK Shopping;true;true;;;;;
;358397765208093;APPLE;IPHONE 14 128GB;PRETO;SEMINOVO;1; R$ 2.000,00 ; R$ 2.200,00 ; R$ 2.200,00 ;83%;JK Shopping;true;true;;;;;
;356226672221018;APPLE;IPHONE 14 128GB;PRETO;SEMINOVO;1; R$ 2.020,00 ; R$ 2.250,00 ; R$ 2.250,00 ;84%;JK Shopping;true;true;;;;;
;353981762481566;APPLE;IPHONE 14 PLUS 128GB;PRETO;SEMINOVO;1; R$ 2.300,00 ; R$ 2.500,00 ; R$ 2.500,00 ;83%;JK Shopping;true;true;;;;;
;350915771329534;APPLE;IPHONE 14 PLUS 128GB;PRETO;SEMINOVO;1; R$ 2.250,00 ; R$ 2.550,00 ; R$ 2.550,00 ;86%;JK Shopping;true;true;;;;;
;355479505986338;APPLE;IPHONE 14 PLUS 128GB;PRETO;SEMINOVO;1; R$ 2.250,00 ; R$ 2.550,00 ; R$ 2.550,00 ;86%;JK Shopping;true;true;;;;;
;353664578770279;APPLE;IPHONE 14 PRO 128GB;ROXO;SEMINOVO;1; R$ 2.715,00 ; R$ 3.000,00 ; R$ 3.000,00 ;83%;JK Shopping;true;true;;;;;
;354615757154106;APPLE;IPHONE 14 PRO 128GB;ROXO;SEMINOVO;1; R$ 2.715,00 ; R$ 3.000,00 ; R$ 3.000,00 ;82%;JK Shopping;true;true;;;;;
;359712280912087;APPLE;IPHONE 14 PRO 128GB;ROXO;SEMINOVO;1; R$ 2.715,00 ; R$ 3.000,00 ; R$ 3.000,00 ;80%;JK Shopping;true;true;;;;;
;350308314615389;APPLE;IPHONE 14 PRO 128GB;ROXO;SEMINOVO;1; R$ 2.715,00 ; R$ 3.000,00 ; R$ 3.000,00 ;83%;JK Shopping;true;true;;;;;
;353559563941713;APPLE;IPHONE 14 PRO 128GB;ROXO;SEMINOVO;1; R$ 2.715,00 ; R$ 3.000,00 ; R$ 3.000,00 ;83%;JK Shopping;true;true;;;;;
;353115824422348;APPLE;IPHONE 14 PRO 256GB;PRETO;SEMINOVO;1; R$ 3.000,00 ; R$ 3.200,00 ; R$ 3.200,00 ;82%;JK Shopping;true;true;;;;;
;357397703438266;APPLE;IPHONE 14 PRO MAX 128GB;ROXO;SEMINOVO;1; R$ 3.300,00 ; R$ 3.700,00 ; R$ 3.700,00 ;94%;JK Shopping;true;true;;;;;
;353360943358185;APPLE;IPHONE 14 PRO MAX 128GB;PRETO;SEMINOVO;1; R$ 3.300,00 ; R$ 3.600,00 ; R$ 3.600,00 ;82%;JK Shopping;true;true;;;;;
;350636595542314;APPLE;IPHONE 14 PRO MAX 128GB;PRETO;SEMINOVO;1; R$ 3.300,00 ; R$ 3.600,00 ; R$ 3.600,00 ;80%;JK Shopping;true;true;;;;;
;357414199561970;APPLE;IPHONE 14 PRO MAX 128GB;PRETO;SEMINOVO;1; R$ 3.300,00 ; R$ 3.600,00 ; R$ 3.600,00 ;83%;JK Shopping;true;true;;;;;
;352348742749762;APPLE;IPHONE 14 PRO MAX 128GB;PRETO;SEMINOVO;1; R$ 3.300,00 ; R$ 3.600,00 ; R$ 3.600,00 ;84%;JK Shopping;true;true;;;;;
;350813225895517;APPLE;IPHONE 14 PRO MAX 128GB;PRETO;SEMINOVO;1; R$ 3.300,00 ; R$ 3.600,00 ; R$ 3.600,00 ;81%;JK Shopping;true;true;;;;;
;357879434963092;APPLE;IPHONE 14 PRO MAX 128GB;ROXO;SEMINOVO;1; R$ 2.500,00 ; R$ 3.350,00 ; R$ 3.350,00 ;80%;JK Shopping;true;true;;;;;
;357879434553331;APPLE;IPHONE 14 PRO MAX 128GB;ROXO;SEMINOVO;1; R$ 3.300,00 ; R$ 3.550,00 ; R$ 3.550,00 ;94%;JK Shopping;true;true;;;;;
;357650617721544;APPLE;IPHONE 14 PRO MAX 128GB;PRETO;SEMINOVO;1; R$ 3.315,00 ; R$ 3.550,00 ; R$ 3.550,00 ;81%;JK Shopping;true;true;;;;;
;356684166856352;APPLE;IPHONE 14 PRO MAX 128GB;PRETO;SEMINOVO;1; R$ 3.315,00 ; R$ 3.550,00 ; R$ 3.550,00 ;85%;JK Shopping;true;true;;;;;
;353223144892362;APPLE;IPHONE 14 PRO MAX 128GB;PRETO;SEMINOVO;1; R$ 3.315,00 ; R$ 3.550,00 ; R$ 3.550,00 ;83%;JK Shopping;true;true;;;;;
;355909991834485;APPLE;IPHONE 14 PRO MAX 256GB;ROXO;SEMINOVO;1; R$ 3.500,00 ; R$ 3.700,00 ; R$ 3.700,00 ;83%;JK Shopping;true;true;;;;;
;350387750318534;APPLE;IPHONE 14 PRO MAX 256GB;PRETO;SEMINOVO;1; R$ 3.450,00 ; R$ 3.700,00 ; R$ 3.700,00 ;94%;JK Shopping;true;true;;;;;
;357292746577156;APPLE;IPHONE 15 128GB;PRETO;SEMINOVO;1; R$ 2.815,00 ; R$ 3.100,00 ; R$ 3.100,00 ;86%;JK Shopping;true;true;;;;;
;351335413539607;APPLE;IPHONE 15 128GB;ROSA;SEMINOVO;1; R$ 2.815,00 ; R$ 3.050,00 ; R$ 3.050,00 ;80%;JK Shopping;true;true;;;;;
;353431657538534;APPLE;IPHONE 15 PRO 256GB;AZUL TITANIUM;SEMINOVO;1; R$ 4.150,00 ; R$ 4.350,00 ; R$ 4.350,00 ;88%;JK Shopping;true;true;;;;;
;351465646857276;APPLE;IPHONE 15 PRO MAX 1TB;NATURAL TITANIUM;SEMINOVO;1; R$ 4.715,00 ; R$ 4.950,00 ; R$ 4.950,00 ;88%;JK Shopping;true;true;;;;;
;356371489789102;APPLE;IPHONE 15 PRO MAX 1TB;AZUL TITANIUM;SEMINOVO;1; R$ 4.865,00 ; R$ 5.065,00 ; R$ 5.065,00 ;86%;JK Shopping;true;true;;;;;
;356371483909516;APPLE;IPHONE 15 PRO MAX 1TB;NATURAL TITANIUM;SEMINOVO;1; R$ 4.875,00 ; R$ 5.100,00 ; R$ 5.100,00 ;87%;JK Shopping;true;true;;;;;
;351465641002142;APPLE;IPHONE 15 PRO MAX 1TB;NATURAL TITANIUM;SEMINOVO;1; R$ 4.875,00 ; R$ 5.100,00 ; R$ 5.100,00 ;83%;JK Shopping;true;true;;;;;
;358071241001048;APPLE;IPHONE 15 PRO MAX 1TB;NATURAL TITANIUM;SEMINOVO;1; R$ 4.715,00 ; R$ 4.950,00 ; R$ 4.950,00 ;86%;JK Shopping;true;true;;;;;
;358071243506440;APPLE;IPHONE 15 PRO MAX 256GB;AZUL TITANIUM;SEMINOVO;1; R$ 4.065,00 ; R$ 4.400,00 ; R$ 4.400,00 ;82%;JK Shopping;true;true;;;;;
;350496309177588;APPLE;IPHONE 15 PRO MAX 512GB;NATURAL TITANIUM;SEMINOVO;1; R$ 4.715,00 ; R$ 4.915,00 ; R$ 4.915,00 ;81%;JK Shopping;true;true;;;;;
;354379770537264;APPLE;IPHONE 15 PRO MAX 512GB;AZUL TITANIUM;SEMINOVO;1; R$ 4.700,00 ; R$ 4.900,00 ; R$ 4.900,00 ;80%;JK Shopping;true;true;;;;;
;354379775686330;APPLE;IPHONE 15 PRO MAX 512GB;NATURAL TITANIUM;SEMINOVO;1; R$ 4.315,00 ; R$ 4.600,00 ; R$ 4.600,00 ;85%;JK Shopping;true;true;;;;;
;354633448017061;APPLE;IPHONE 15 PRO MAX 512GB;PRETO TITANIUM;SEMINOVO;1; R$ 4.315,00 ; R$ 4.600,00 ; R$ 4.600,00 ;84%;JK Shopping;true;true;;;;;
;357100774321050;APPLE;IPHONE 16 PRO MAX 256GB;NATURAL TITANIUM;SEMINOVO;1; R$ 5.486,00 ; R$ 5.700,00 ; R$ 5.700,00 ;89%;JK Shopping;true;true;;;;;
;356726389306093;APPLE;IPHONE 16 PRO MAX 256GB;NATURAL TITANIUM;SEMINOVO;1; R$ 5.486,00 ; R$ 5.700,00 ; R$ 5.700,00 ;90%;JK Shopping;true;true;;;;;
;359222384673536;APPLE;IPHONE 16 PRO MAX 256GB;DESERT TITANIUM;SEMINOVO;1; R$ 5.486,00 ; R$ 5.700,00 ; R$ 5.700,00 ;88%;JK Shopping;true;true;;;;;
;357003194570993;APPLE;IPHONE 16 PRO MAX 256GB;DESERT TITANIUM;SEMINOVO;1; R$ 5.486,00 ; R$ 5.700,00 ; R$ 5.700,00 ;95%;JK Shopping;true;true;;;;;
;354900901274509;APPLE;IPHONE 16 PRO MAX 256GB;PRETO TITANIUM;SEMINOVO;1; R$ 5.486,00 ; R$ 5.700,00 ; R$ 5.700,00 ;94%;JK Shopping;true;true;;;;;
;353484621030286;APPLE;IPHONE 16 PRO MAX 256GB;NATURAL TITANIUM;SEMINOVO;1; R$ 5.600,00 ; R$ 5.800,00 ; R$ 5.800,00 ;91%;JK Shopping;true;true;;;;;
;355688660952105;APPLE;IPHONE 16 PRO MAX 256GB;PRETO TITANIUM;SEMINOVO;1; R$ 5.500,00 ; R$ 5.700,00 ; R$ 5.700,00 ;92%;JK Shopping;true;true;;;;;
;359222382364633;APPLE;IPHONE 16 PRO MAX 256GB;DESERT TITANIUM;SEMINOVO;1; R$ 5.486,00 ; R$ 5.700,00 ; R$ 5.700,00 ;89%;JK Shopping;true;true;;;;;
;357332091302634;APPLE;IPHONE XR 64GB;PRETO;SEMINOVO;1; R$ 200,00 ; R$ 530,00 ; R$ 530,00 ;81%;JK Shopping;true;true;;;;;
;357376098886172;APPLE;IPHONE XR 64GB;PRETO;SEMINOVO;1; R$ 450,00 ; R$ 650,00 ; R$ 650,00 ;83%;JK Shopping;true;true;;;;;
;359867880613947;APPLE;IPHONE 15 128GB;PINK;NOVO;1; R$ 3.550,00 ; R$ 3.650,00 ; R$ 3.650,00 ;100%;JK Shopping;true;true;;;;;
;357140345889680;APPLE;IPHONE 16 128GB;BRANCO;NOVO;1; R$ 4.300,00 ; R$ 4.400,00 ; R$ 4.400,00 ;100%;JK Shopping;true;true;;;;;
;356913121292084;APPLE;IPHONE 16 128GB;ROSA;NOVO;1; R$ 4.250,00 ; R$ 4.350,00 ; R$ 4.350,00 ;100%;JK Shopping;true;true;;;;;
;355306357717646;APPLE;IPHONE 16 128GB;BRANCO;NOVO;1; R$ 4.300,00 ; R$ 4.400,00 ; R$ 4.400,00 ;100%;JK Shopping;true;true;;;;;
;358138705463517;MOTOROLA;MOTO G05 128GB 4RAM;CINZA;NOVO;1; R$ 604,93 ; R$ 620,00 ; R$ 620,00 ;100%;JK Shopping;true;true;;;;;
;359508859697418;MOTOROLA;MOTO G35 5G 256GB 4RAM;CINZA;NOVO;1; R$ 994,07 ; R$ 1.050,00 ; R$ 1.050,00 ;100%;JK Shopping;true;true;;;;;
;356151140899270;MOTOROLA;MOTO G24 128GB 4RAM;GRAFITE;NOVO;1; R$ 685,00 ; R$ 785,00 ; R$ 785,00 ;100%;JK Shopping;true;true;;;;;
;353689479178637;MOTOROLA;MOTO E22 64GB 4RAM;PRETO;NOVO;1; R$ 480,00 ; R$ 580,00 ; R$ 580,00 ;100%;JK Shopping;true;true;;;;;
;351236100839807;SAMSUNG;GALAXY S24 FE 128GB 8RAM;PRETO;SEMINOVO;1; R$ 1.000,00 ; R$ 1.200,00 ; R$ 1.200,00 ;100%;JK Shopping;true;true;;;;;
;351214940997846;SAMSUNG;GALAXY M15 5G 128GB 4RAM;AZUL;NOVO;1; R$ 850,00 ; R$ 950,00 ; R$ 950,00 ;100%;JK Shopping;true;true;;;;;
;357576780642623;SAMSUNG;GALAXY A55 5G 256GB 8RAM;AZUL CLARO;SEMINOVO;1; R$ 1.400,00 ; R$ 1.500,00 ; R$ 1.500,00 ;100%;JK Shopping;true;true;;;;;
;352884313146848;SAMSUNG;GALAXY A06 128GB 4RAM;AZUL ESCURO;NOVO;1; R$ 590,00 ; R$ 690,00 ; R$ 690,00 ;100%;JK Shopping;true;true;;;;;
;353073800893158;SAMSUNG;GALAXY A05S 128GB 6RAM;PRETO;NOVO;1; R$ 640,00 ; R$ 740,00 ; R$ 740,00 ;100%;JK Shopping;true;true;;;;;
;350551933500736;SAMSUNG;GALAXY A16 128GB 4RAM;PRETO;NOVO;1; R$ 790,00 ; R$ 890,00 ; R$ 890,00 ;100%;JK Shopping;true;true;;;;;
;868311082641467;XIAOMI;POCO X7 PRO 256GB 8RAM;PRETO;NOVO;1;R$ 1.750,00;R$ 1.850,00;R$ 1.850,00;100%;JK Shopping;true;true;;;;;
;864093077426567;XIAOMI;REDMI NOTE 14 256GB 8RAM;PRETO;NOVO;1;R$ 1.040,00;R$ 1.140,00;R$ 1.140,00;100%;JK Shopping;true;true;;;;;
;868617085984047;XIAOMI;REDMI NOTE 14 PRO 256GB 8RAM;PRETO;NOVO;1;R$ 1.400,00;R$ 1.500,00;R$ 1.500,00;100%;JK Shopping;true;true;;;;;
;864280080451266;XIAOMI;POCO C85 256GB 8RAM;PRETO;NOVO;1;R$ 800,00;R$ 900,00;R$ 900,00;100%;JK Shopping;true;true;;;;;
;865346077184407;XIAOMI;REDMI NOTE 14 256GB 8RAM;VERDE;NOVO;1;R$ 1.050,00;R$ 1.150,00;R$ 1.150,00;100%;JK Shopping;true;true;;;;;
;864093070922166;XIAOMI;REDMI NOTE 14 256GB 8RAM;VERDE;NOVO;1;R$ 1.070,00;R$ 1.170,00;R$ 1.170,00;100%;JK Shopping;true;true;;;;;
;864280083624026;XIAOMI;POCO C85 256GB 8RAM;VERDE;NOVO;1;R$ 840,00;R$ 940,00;R$ 940,00;100%;JK Shopping;true;true;;;;;
;868311085684928;XIAOMI;POCO X7 PRO 256GB 8RAM;VERDE;NOVO;1;R$ 1.830,00;R$ 1.930,00;R$ 1.930,00;100%;JK Shopping;true;true;;;;;
;868311088574183;XIAOMI;POCO X7 PRO 512GB 12RAM;AMARELO;NOVO;1;R$ 2.180,00;R$ 2.280,00;R$ 2.280,00;100%;JK Shopping;true;true;;;;;
;865164079487888;XIAOMI;REDMI A5 128GB 4RAM;AZUL;NOVO;1;R$ 480,00;R$ 590,00;R$ 590,00;100%;JK Shopping;true;true;;;;;
;863851075157166;XIAOMI;REDMI NOTE 14S 256GB 8RAM;AZUL;NOVO;1;R$ 1.290,00;R$ 1.390,00;R$ 1.390,00;100%;JK Shopping;true;true;;;;;
;860993086679326;XIAOMI;REDMI A5 128GB 4RAM;AZUL;NOVO;1;R$ 610,00;R$ 710,00;R$ 710,00;100%;JK Shopping;true;true;;;;;
;868134089819948;XIAOMI;REDMI A5 128GB 4RAM;DOURADO;NOVO;1;R$ 560,00;R$ 660,00;R$ 660,00;100%;JK Shopping;true;true;;;;;
;864830082362620;XIAOMI;REDMI A5 128GB 4RAM;DOURADO;NOVO;1;R$ 595,00;R$ 695,00;R$ 695,00;100%;JK Shopping;true;true;;;;;
;65546/W5VB00735;XIAOMI;REDMI PAD 2 4G 128GB 4RAM;GRAFITE;NOVO;1;R$ 1.149,00;R$ 1.250,00;R$ 1.250,00;100%;JK Shopping;true;true;;;;;
;862520077433526;XIAOMI;REDMI NOTE 14 256GB 8RAM;LILÁS;SEMINOVO;1;R$ 1.050,00;R$ 1.150,00;R$ 1.150,00;100%;JK Shopping;true;true;;;;;
;863851078793645;XIAOMI;REDMI NOTE 14S 256GB 8RAM;LILÁS;NOVO;1;R$ 1.240,00;R$ 1.340,00;R$ 1.340,00;100%;JK Shopping;true;true;;;;;
;860539076714449;XIAOMI;REDMI 15C 128GB 4RAM;PRETO;NOVO;1;R$ 690,00;R$ 790,00;R$ 790,00;100%;JK Shopping;true;true;;;;;
;868311084296005;XIAOMI;POCO X7 PRO 256GB 8RAM;PRETO;NOVO;1;R$ 1.900,00;R$ 2.000,00;R$ 2.000,00;100%;JK Shopping;true;true;;;;;
;861415077259800;XIAOMI;POCO X7 256GB 8RAM;PRETO;NOVO;1;R$ 1.600,00;R$ 1.700,00;R$ 1.700,00;100%;JK Shopping;true;true;;;;;
;864830081062767;XIAOMI;REDMI A5 128GB 4RAM;PRETO;NOVO;1;R$ 595,00;R$ 695,00;R$ 695,00;100%;JK Shopping;true;true;;;;;
;865327079846425;XIAOMI;REDMI 15C 128GB 4RAM;PRETO;NOVO;1;R$ 640,00;R$ 740,00;R$ 740,00;100%;JK Shopping;true;true;;;;;
;357031372251219;APPLE;IPHONE 16 PRO MAX 256GB;NATURAL TITANIUM;Seminovo;1;R$ 5.486,00;R$ 5.700,00;R$ 5.700,00;92%;JK Shopping;true;true;;;;;
;351446987835758;APPLE;IPHONE 14 PRO MAX 256GB;PRETO;Seminovo;1;R$ 3.500,00;R$ 3.700,00;R$ 3.700,00;81%;JK Shopping;true;true;;;;;
;353177649807095;APPLE;IPHONE 15 128GB;ROSA;Seminovo;1;R$ 2.750,00;R$ 3.000,00;R$ 3.000,00;81%;JK Shopping;true;true;;;;;
;355180954995693;APPLE;IPHONE 15 128GB;VERDE;Seminovo;1;R$ 2.750,00;R$ 3.000,00;R$ 3.000,00;84%;JK Shopping;true;true;;;;;
;356716118825604;APPLE;IPHONE 12 PRO MAX 256GB;GRAFITE;Seminovo;1;R$ 1.800,00;R$ 2.530,00;R$ 2.530,00;86%;JK Shopping;true;true;;;;;
;356041403777711;APPLE;IPHONE 14 PRO MAX 128GB;ROXO;Seminovo;1;R$ 3.000,00;R$ 3.280,00;R$ 3.280,00;80%;JK Shopping;true;true;;;;;
;356795454853933;APPLE;IPHONE 14 128GB;BRANCO;Seminovo;1;R$ 2.015,00;R$ 2.250,00;R$ 2.250,00;83%;JK Shopping;true;true;;;;;
;356417999218569;APPLE;IPHONE 13 128GB;ROSA;Seminovo;1;R$ 1.300,00;R$ 1.630,00;R$ 1.630,00;80%;JK Shopping;true;true;;;;;
;351734240011576;APPLE;IPHONE 11 128GB;BRANCO;Seminovo;1;R$ 700,00;R$ 950,00;R$ 950,00;100%;JK Shopping;true;true;;;;;
;350813222710362;APPLE;IPHONE 14 PRO MAX 256GB;ROXO;Seminovo;1;R$ 3.450,00;R$ 3.650,00;R$ 3.650,00;85%;JK Shopping;true;true;;;;;
;357828286068872;APPLE;IPHONE 14 PRO MAX 256GB;ROXO;Seminovo;1;R$ 2.800,00;R$ 3.350,00;R$ 3.350,00;82%;JK Shopping;true;true;;;;;
;352852116123553;APPLE;IPHONE 11 PRO MAX 256GB;GRAFITE;Seminovo;1;R$ 950,00;R$ 1.400,00;R$ 1.400,00;82%;JK Shopping;true;true;;;;;
;355628860387413;APPLE;IPHONE 16 128GB;BRANCO;Novo;1;R$ 4.300,00;R$ 4.400,00;R$ 4.400,00;100%;JK Shopping;true;true;;;;;
;357448971082797;APPLE;IPHONE 13 PRO 128GB;BRANCO;Seminovo;1;R$ 2.415,00;R$ 2.740,00;R$ 2.740,00;84%;JK Shopping;true;true;;;;;
;356569101273427;APPLE;IPHONE 11 256GB;LILAS;Seminovo;1;R$ 900,00;R$ 1.170,00;R$ 1.170,00;85%;JK Shopping;true;true;;;;;
;352653448758185;APPLE;IPHONE 13 PRO MAX 256GB;AZUL SIERRA;Seminovo;1;R$ 2.700,00;R$ 2.900,00;R$ 2.900,00;82%;JK Shopping;true;true;;;;;
;350888744770474;APPLE;IPHONE 12 PRO MAX 128GB;AZUL PACIFICO;Seminovo;1;R$ 2.150,00;R$ 2.350,00;R$ 2.350,00;93%;JK Shopping;true;true;;;;;
;358074299998586;APPLE;IPHONE 13 PRO MAX 128GB;DOURADO;Seminovo;1;R$ 2.800,00;R$ 3.000,00;R$ 3.000,00;81%;JK Shopping;true;true;;;;;
;356942212354701;APPLE;IPHONE 13 PRO MAX 256GB;AZUL SIERRA;Seminovo;1;R$ 2.700,00;R$ 2.900,00;R$ 2.900,00;84%;JK Shopping;true;true;;;;;
;359978120224435;APPLE;IPHONE 13 PRO MAX 256GB;DOURADO;Seminovo;1;R$ 2.700,00;R$ 2.980,00;R$ 2.980,00;84%;JK Shopping;true;true;;;;;
;358348184500032;APPLE;IPHONE 15 PRO 128GB;AZUL  TITUNIUM;Seminovo;1;R$ 3.400,00;R$ 3.600,00;R$ 3.600,00;87%;JK Shopping;true;true;;;;;
;359614540826638;APPLE;IPHONE 17 PRO MAX 256GB;LARANJA;Novo;1;R$ 8.000,00;R$ 8.100,00;R$ 8.100,00;100%;JK Shopping;true;true;;;;;
;358902512072732;APPLE;IPHONE 17 PRO MAX 256GB;AZUL;Novo;1;R$ 8.000,00;R$ 8.100,00;R$ 8.100,00;100%;JK Shopping;true;true;;;;;
;359526627999718;APPLE;IPHONE 17 PRO MAX 256GB;SILVER;Novo;1;R$ 8.350,00;R$ 8.450,00;R$ 8.450,00;100%;JK Shopping;true;true;;;;;
;353497850554206;APPLE;IPHONE 17 PRO MAX 256GB;AZUL;Novo;1;R$ 8.000,00;R$ 8.100,00;R$ 8.100,00;100%;JK Shopping;true;true;;;;;
;SCLF7QL00FW;APPLE;IPAD 11 128GB;SILVER;Novo;1;R$ 2.650,00;R$ 2.750,00;R$ 2.750,00;100%;JK Shopping;true;true;;;;;
;SL22C3XQVD4;APPLE;IPAD 11 128GB;SILVER;Novo;1;R$ 2.650,00;R$ 2.750,00;R$ 2.750,00;100%;JK Shopping;true;true;;;;;
;358178585247770;SAMSUNG;SAMSUNG S25 ULTRA 512GB;-;SEMINOVO;;R$ 4.700,00;R$ 4.900,00;R$ 4.900,00;100%;Estoque - SIA;true;true;;;;;
;863954072455649;XIAOMI;REDMI NOTE 14 256GB 8RAM;AZUL;SEMINOVO;;R$ 1.070,00;R$ 1.170,00;R$ 1.170,00;100%;Estoque - SIA;true;true;;;;;
;862315080605040;XIAOMI;REDMI NOTE 15 256GB 8 RAM;BLACK;NOVO;;R$ 1.200,00;R$ 1.300,00;R$ 1.300,00;100%;Estoque - SIA;true;true;;;;;
;869009081552482;XIAOMI;REDMI NOTE 15 256GB 8 RAM;BLACK;NOVO;;R$ 910,00;R$ 1.010,00;R$ 1.010,00;100%;Estoque - SIA;true;true;;;;;
;861345072369843;XIAOMI;REDMI A5 128GB;DOURADO;NOVO;;R$ 570,00;R$ 670,00;R$ 670,00;100%;Estoque - SIA;true;true;;;;;
;862520077433526;XIAOMI;REDMI NOTE 14 256GB 8RAM;LILÁS;SEMINOVO;;R$ 1.050,00;R$ 1.150,00;R$ 1.150,00;100%;Estoque - SIA;true;true;;;;;
;866509088655348;XIAOMI;REDMI 15C 256GB 8RAM;PRETO;NOVO;;R$ 780,00;R$ 880,00;R$ 880,00;100%;Estoque - SIA;true;true;;;;;
;866509088563369;XIAOMI;REDMI 15C 256GB 8RAM;PRETO;NOVO;;R$ 780,00;R$ 880,00;R$ 880,00;100%;Estoque - SIA;true;true;;;;;
;863605076230665;XIAOMI;REDMI NOTE 14 PRO 5G 256GB 8RAM;PRETO;NOVO;;R$ 1.680,00;R$ 1.780,00;R$ 1.780,00;100%;Estoque - SIA;true;true;;;;;
;869507070246727;XIAOMI;POCO X7 512GB 12RAM;PRETO;NOVO;;R$ 1.700,00;R$ 1.800,00;R$ 1.800,00;100%;Estoque - SIA;true;true;;;;;
;860548076806188;XIAOMI;REDMI NOTE 15 PRO 5G 256GB 8RAM;PRETO;NOVO;;R$ 1.720,00;R$ 1.820,00;R$ 1.820,00;100%;Estoque - SIA;true;true;;;;;
;864436074896441;XIAOMI;REDMI NOTE 14 PRO 256GB 8RAM;PRETO;SEMINOVO;;R$ 1.450,00;R$ 1.650,00;R$ 1.650,00;100%;Estoque - SIA;true;true;;;;;
;868617086475904;XIAOMI;REDMI NOTE 14 PRO 256GB 8RAM;PRETO;NOVO;;R$ 1.400,00;R$ 1.500,00;R$ 1.500,00;100%;Estoque - SIA;true;true;;;;;
;359500088786187;APPLE;IPHONE 8 PLUS 64GB;ROSE;SEMINOVO;;R$ 300,00;R$ 515,00;R$ 515,00;90%;Estoque - SIA;true;true;;;;;
;355325637837370;APPLE;IPHONE 11 64GB;PRETO;SEMINOVO;;R$ 970,00;R$ 1.200,00;R$ 1.200,00;81%;Estoque - SIA;true;true;;;;;
;353834104603472;APPLE;IPHONE 11 PRO 256GB;VERDE;SEMINOVO;;R$ 700,00;R$ 900,00;R$ 900,00;100%;Estoque - SIA;true;true;;;;;
;358494241858805;APPLE;IPHONE 12 64GB;LILÁS;SEMINOVO;;R$ 800,00;R$ 1.300,00;R$ 1.300,00;100%;Estoque - SIA;true;true;;;;;
;352484812308062;APPLE;IPHONE 12 64GB;PRETO;SEMINOVO;;R$ 1.100,00;R$ 1.300,00;R$ 1.300,00;82%;Estoque - SIA;true;true;;;;;
;357619534905340;APPLE;IPHONE 12 64GB;LILÁS;SEMINOVO;;R$ 1.200,00;R$ 1.400,00;R$ 1.400,00;80%;Estoque - SIA;true;true;;;;;
;355690404252610;APPLE;IPHONE 12 128GB;PRETO;SEMINOVO;;R$ 1.480,00;R$ 1.750,00;R$ 1.750,00;85%;Estoque - SIA;true;true;;;;;
;355690403168718;APPLE;IPHONE 12 128GB;PRETO;SEMINOVO;;R$ 1.480,00;R$ 1.680,00;R$ 1.680,00;89%;Estoque - SIA;true;true;;;;;
;355168945159917;APPLE;IPHONE 12 128GB;PRETO;SEMINOVO;;R$ 1.480,00;R$ 1.680,00;R$ 1.680,00;82%;Estoque - SIA;true;true;;;;;
;357463521482793;APPLE;IPHONE 12 128GB;PRETO;SEMINOVO;;R$ 1.000,00;R$ 1.600,00;R$ 1.600,00;82%;Estoque - SIA;true;true;;;;;
;352113532841785;APPLE;IPHONE 12 256GB;VERDE;SEMINOVO;;R$ 1.625,00;R$ 1.825,00;R$ 1.825,00;86%;Estoque - SIA;true;true;;;;;
;350725914426505;APPLE;IPHONE 12 256GB;BRANCO;SEMINOVO;;R$ 1.625,00;R$ 1.850,00;R$ 1.850,00;84%;Estoque - SIA;true;true;;;;;
;353040116628552;APPLE;IPHONE 12 256GB;VERMELHO - (PRODUCT)RED;SEMINOVO;;R$ 1.480,00;R$ 1.750,00;R$ 1.750,00;86%;Estoque - SIA;true;true;;;;;
;350839227679047;APPLE;IPHONE 12 256GB;LILÁS;SEMINOVO;;R$ 1.625,00;R$ 1.850,00;R$ 1.850,00;85%;Estoque - SIA;true;true;;;;;
;351001686210827;APPLE;IPHONE 12 PRO 128GB;GRAFITE;SEMINOVO;;R$ 1.650,00;R$ 1.800,00;R$ 1.800,00;94%;Estoque - SIA;true;true;;;;;
;354523332822645;APPLE;IPHONE 12 PRO 128GB;GRAFITE;SEMINOVO;;R$ 1.650,00;R$ 1.800,00;R$ 1.800,00;94%;Estoque - SIA;true;true;;;;;
;353909595008603;APPLE;IPHONE 12 PRO 128GB;GRAFITE;SEMINOVO;;R$ 1.650,00;R$ 1.800,00;R$ 1.800,00;94%;Estoque - SIA;true;true;;;;;
;353075119152424;APPLE;IPHONE 12 PRO 128GB;AZUL PACÍFICO;SEMINOVO;;R$ 1.600,00;R$ 1.800,00;R$ 1.800,00;94%;Estoque - SIA;true;true;;;;;
;350522072790966;APPLE;IPHONE 12 PRO 128GB;GRAFITE;SEMINOVO;;R$ 1.800,00;R$ 2.050,00;R$ 2.050,00;94%;Estoque - SIA;true;true;;;;;
;356037844369878;APPLE;IPHONE 12 PRO 128GB;GRAFITE;SEMINOVO;;R$ 1.650,00;R$ 1.800,00;R$ 1.800,00;94%;Estoque - SIA;true;true;;;;;
;356681118356317;APPLE;IPHONE 12 PRO 256GB;GRAFITE;SEMINOVO;;R$ 1.900,00;R$ 2.165,00;R$ 2.165,00;86%;Estoque - SIA;true;true;;;;;
;356713119420196;APPLE;IPHONE 12 PRO MAX 128GB;GRAFITE;SEMINOVO;;R$ 300,00;R$ 1.500,00;R$ 1.500,00;100%;Estoque - SIA;true;true;;;;;
;354440892101221;APPLE;IPHONE 12 PRO MAX 128GB;AZUL;SEMINOVO;;R$ 500,00;R$ 700,00;R$ 700,00;82%;Estoque - SIA;true;true;;;;;
;356723114591628;APPLE;IPHONE 12 PRO MAX 128GB;AZUL;SEMINOVO;;R$ 1.700,00;R$ 1.945,00;R$ 1.945,00;82%;Estoque - SIA;true;true;;;;;
;353730394920479;APPLE;IPHONE 12 PRO MAX 256GB;BRANCO;SEMINOVO;;R$ 2.300,00;R$ 2.550,00;R$ 2.550,00;83%;Estoque - SIA;true;true;;;;;
;355237861287257;APPLE;IPHONE 13 128GB;VERDE;SEMINOVO;;R$ 1.950,00;R$ 2.100,00;R$ 2.100,00;82%;Estoque - SIA;true;true;;;;;
;354874934654781;APPLE;IPHONE 13 128GB;VERDE;SEMINOVO;;R$ 1.800,00;R$ 2.000,00;R$ 2.000,00;83%;Estoque - SIA;true;true;;;;;
;350555049144628;APPLE;IPHONE 13 128GB;VERDE;SEMINOVO;;R$ 1.835,00;R$ 2.050,00;R$ 2.050,00;82%;Estoque - SIA;true;true;;;;;
;355130342224710;APPLE;IPHONE 13 128GB;VERDE;SEMINOVO;;R$ 1.835,00;R$ 2.050,00;R$ 2.050,00;85%;Estoque - SIA;true;true;;;;;
;358469521520101;APPLE;IPHONE 13 128GB;AZUL;SEMINOVO;;R$ 1.835,00;R$ 2.050,00;R$ 2.050,00;85%;Estoque - SIA;true;true;;;;;
;356815602441603;APPLE;IPHONE 13 128GB;AZUL;SEMINOVO;;R$ 1.835,00;R$ 2.050,00;R$ 2.050,00;81%;Estoque - SIA;true;true;;;;;
;356122174245870;APPLE;IPHONE 13 128GB;AZUL;SEMINOVO;;R$ 1.835,00;R$ 2.050,00;R$ 2.050,00;81%;Estoque - SIA;true;true;;;;;
;358469523474638;APPLE;IPHONE 13 128GB;ROSA;SEMINOVO;;R$ 1.835,00;R$ 2.050,00;R$ 2.050,00;81%;Estoque - SIA;true;true;;;;;
;357774330162966;APPLE;IPHONE 13 128GB;PRETO;SEMINOVO;;R$ 1.835,00;R$ 2.050,00;R$ 2.050,00;81%;Estoque - SIA;true;true;;;;;
;356199675760821;APPLE;IPHONE 13 128GB;PRETO;SEMINOVO;;R$ 1.835,00;R$ 2.050,00;R$ 2.050,00;84%;Estoque - SIA;true;true;;;;;
;356228327333487;APPLE;IPHONE 13 128GB;PRETO;SEMINOVO;;R$ 1.700,00;R$ 1.900,00;R$ 1.900,00;80%;Estoque - SIA;true;true;;;;;
;352615459907522;APPLE;IPHONE 13 128GB;VERMELHO;SEMINOVO;;R$ 1.835,00;R$ 2.050,00;R$ 2.050,00;84%;Estoque - SIA;true;true;;;;;
;353874238566435;APPLE;IPHONE 13 128GB;BRANCO;SEMINOVO;;R$ 1.100,00;R$ 1.345,00;R$ 1.345,00;84%;Estoque - SIA;true;true;;;;;
;357492904143722;APPLE;IPHONE 13 128GB;PRETO;SEMINOVO;;R$ 1.750,00;R$ 2.050,00;R$ 2.050,00;80%;Estoque - SIA;true;true;;;;;
;358265580009519;APPLE;IPHONE 13 128GB;PRETO;SEMINOVO;;R$ 1.700,00;R$ 1.900,00;R$ 1.900,00;80%;Estoque - SIA;true;true;;;;;
;351123621633523;APPLE;IPHONE 13 128GB;BRANCO;SEMINOVO;;R$ 1.800,00;R$ 2.000,00;R$ 2.000,00;81%;Estoque - SIA;true;true;;;;;
;352824488003275;APPLE;IPHONE 13 128GB;BRANCO;SEMINOVO;;R$ 1.700,00;R$ 1.900,00;R$ 1.900,00;81%;Estoque - SIA;true;true;;;;;
;351309641523659;APPLE;IPHONE 13 128GB;PRETO;SEMINOVO;;R$ 1.700,00;R$ 1.900,00;R$ 1.900,00;84%;Estoque - SIA;true;true;;;;;
;358891505457291;APPLE;IPHONE 13 256GB;VERDE;SEMINOVO;;R$ 2.000,00;R$ 2.300,00;R$ 2.300,00;80%;Estoque - SIA;true;true;;;;;
;350555044114188;APPLE;IPHONE 13 256GB;PRETO;SEMINOVO;;R$ 2.115,00;R$ 2.350,00;R$ 2.350,00;84%;Estoque - SIA;true;true;;;;;
;354066787117178;APPLE;IPHONE 13 256GB;PRETO;SEMINOVO;;R$ 2.115,00;R$ 2.350,00;R$ 2.350,00;80%;Estoque - SIA;true;true;;;;;
;356646228290789;APPLE;IPHONE 13 256GB;BRANCO;SEMINOVO;;R$ 2.000,00;R$ 2.200,00;R$ 2.200,00;81%;Estoque - SIA;true;true;;;;;
;358750480304136;APPLE;IPHONE 13 PRO 128GB;AZUL SIERRA;SEMINOVO;;R$ 2.265,00;R$ 2.720,00;R$ 2.720,00;83%;Estoque - SIA;true;true;;;;;
;359349732256878;APPLE;IPHONE 13 PRO 128GB;BRANCO;SEMINOVO;;R$ 2.450,00;R$ 2.700,00;R$ 2.700,00;80%;Estoque - SIA;true;true;;;;;
;354509719909832;APPLE;IPHONE 13 PRO 128GB;BRANCO;SEMINOVO;;R$ 2.450,00;R$ 2.700,00;R$ 2.700,00;100%;Estoque - SIA;true;true;;;;;
;359290144397571;APPLE;IPHONE 13 PRO 128GB;GRAFITE;SEMINOVO;;R$ 2.400,00;R$ 2.700,00;R$ 2.700,00;84%;Estoque - SIA;true;true;;;;;
;352203776337721;APPLE;IPHONE 13 PRO 256GB;BRANCO;SEMINOVO;;R$ 2.565,00;R$ 2.800,00;R$ 2.800,00;84%;Estoque - SIA;true;true;;;;;
;356673371686449;APPLE;IPHONE 13 PRO 256GB;DOURADO;SEMINOVO;;R$ 2.565,00;R$ 2.800,00;R$ 2.800,00;81%;Estoque - SIA;true;true;;;;;
;352129382149715;APPLE;IPHONE 13 PRO 256GB;BRANCO;SEMINOVO;;R$ 2.565,00;R$ 2.800,00;R$ 2.800,00;87%;Estoque - SIA;true;true;;;;;
;358649257323651;APPLE;IPHONE 13 PRO MAX 128GB;AZUL SIERRA;SEMINOVO;;R$ 2.850,00;R$ 3.050,00;R$ 3.050,00;92%;Estoque - SIA;true;true;;;;;
;351016093611409;APPLE;IPHONE 13 PRO MAX 128GB;GRAFITE;SEMINOVO;;R$ 2.700,00;R$ 2.900,00;R$ 2.900,00;94%;Estoque - SIA;true;true;;;;;
;354798783305742;APPLE;IPHONE 13 PRO MAX 128GB;AZUL SIERRA;SEMINOVO;;R$ 2.700,00;R$ 2.900,00;R$ 2.900,00;81%;Estoque - SIA;true;true;;;;;
;353935595524315;APPLE;IPHONE 13 PRO MAX 128GB;GRAFITE;SEMINOVO;;R$ 2.450,00;R$ 2.650,00;R$ 2.650,00;81%;Estoque - SIA;true;true;;;;;
;356942210936962;APPLE;IPHONE 13 PRO MAX 128GB;AZUL SIERRA;SEMINOVO;;R$ 2.850,00;R$ 3.100,00;R$ 3.100,00;82%;Estoque - SIA;true;true;;;;;
;356622124784761;APPLE;IPHONE 13 PRO MAX 128GB;AZUL SIERRA;SEMINOVO;;R$ 2.850,00;R$ 3.100,00;R$ 3.100,00;87%;Estoque - SIA;true;true;;;;;
;353202531943491;APPLE;IPHONE 13 PRO MAX 256GB;VERDE;SEMINOVO;;R$ 2.300,00;R$ 2.900,00;R$ 2.900,00;83%;Estoque - SIA;true;true;;;;;
;353869229376943;APPLE;IPHONE 13 PRO MAX 256GB;DOURADO;SEMINOVO;;R$ 2.900,00;R$ 3.000,00;R$ 3.000,00;82%;Estoque - SIA;true;true;;;;;
;353967814358159;APPLE;IPHONE 13 PRO MAX 256GB;GRAFITE;SEMINOVO;;R$ 2.300,00;R$ 2.500,00;R$ 2.500,00;100%;Estoque - SIA;true;true;;;;;
;358250498669448;APPLE;IPHONE 14 128GB;PRETO;SEMINOVO;;R$ 2.020,00;R$ 2.250,00;R$ 2.250,00;81%;Estoque - SIA;true;true;;;;;
;359014534521040;APPLE;IPHONE 14 128GB;PRETO;SEMINOVO;;R$ 2.020,00;R$ 2.250,00;R$ 2.250,00;86%;Estoque - SIA;true;true;;;;;
;359843521668228;APPLE;IPHONE 14 128GB;AZUL SIERRA;SEMINOVO;;R$ 2.020,00;R$ 2.250,00;R$ 2.250,00;87%;Estoque - SIA;true;true;;;;;
;353557678655236;APPLE;IPHONE 14 128GB;PRETO;SEMINOVO;;R$ 2.115,00;R$ 2.350,00;R$ 2.350,00;82%;Estoque - SIA;true;true;;;;;
;354155255633616;APPLE;IPHONE 14 128GB;AZUL SIERRA;SEMINOVO;;R$ 1.870,00;R$ 2.000,00;R$ 2.000,00;84%;Estoque - SIA;true;true;;;;;
;358832591850726;APPLE;IPHONE 14 128GB;BRANCO;SEMINOVO;;R$ 2.020,00;R$ 2.350,00;R$ 2.350,00;86%;Estoque - SIA;true;true;;;;;
;351836493655098;APPLE;IPHONE 14 128GB;PRETO;SEMINOVO;;R$ 2.020,00;R$ 2.250,00;R$ 2.250,00;86%;Estoque - SIA;true;true;;;;;
;356691192140586;APPLE;IPHONE 14 128GB;PRETO;SEMINOVO;;R$ 2.020,00;R$ 2.250,00;R$ 2.250,00;80%;Estoque - SIA;true;true;;;;;
;352051682938722;APPLE;IPHONE 14 128GB;PRETO;SEMINOVO;;R$ 2.020,00;R$ 2.250,00;R$ 2.250,00;82%;Estoque - SIA;true;true;;;;;
;350808230373633;APPLE;IPHONE 14 128GB;BRANCO;SEMINOVO;;R$ 2.020,00;R$ 2.250,00;R$ 2.250,00;84%;Estoque - SIA;true;true;;;;;
;350928991609767;APPLE;IPHONE 14 128GB;PRETO;SEMINOVO;;R$ 2.020,00;R$ 2.250,00;R$ 2.250,00;83%;Estoque - SIA;true;true;;;;;
;356226673144979;APPLE;IPHONE 14 128GB;PRETO;SEMINOVO;;R$ 2.020,00;R$ 2.250,00;R$ 2.250,00;85%;Estoque - SIA;true;true;;;;;
;353557673927234;APPLE;IPHONE 14 128GB;AZUL SIERRA;SEMINOVO;;R$ 1.900,00;R$ 2.100,00;R$ 2.100,00;84%;Estoque - SIA;true;true;;;;;
;351253187690466;APPLE;IPHONE 14 128GB;PRETO;SEMINOVO;;R$ 2.000,00;R$ 2.250,00;R$ 2.250,00;85%;Estoque - SIA;true;true;;;;;
;358393410791708;APPLE;IPHONE 14 128GB;PRETO;SEMINOVO;;R$ 2.000,00;R$ 2.250,00;R$ 2.250,00;84%;Estoque - SIA;true;true;;;;;
;356691197138585;APPLE;IPHONE 14 128GB;PRETO;SEMINOVO;;R$ 2.000,00;R$ 2.250,00;R$ 2.250,00;85%;Estoque - SIA;true;true;;;;;
;356165449366153;APPLE;IPHONE 14 128GB;BRANCO;SEMINOVO;;R$ 2.015,00;R$ 2.250,00;R$ 2.250,00;84%;Estoque - SIA;true;true;;;;;
;358811491616544;APPLE;IPHONE 14 128GB;PRETO;NOVO;;R$ 3.400,00;R$ 3.500,00;R$ 3.500,00;100%;Estoque - SIA;true;true;;;;;
;351454482969411;APPLE;IPHONE 14 128GB;VERMELHO;SEMINOVO;;R$ 1.900,00;R$ 2.100,00;R$ 2.100,00;82%;Estoque - SIA;true;true;;;;;
;358694807269665;APPLE;IPHONE 14 256GB;AZUL;NOVO;;R$ 3.600,00;R$ 3.700,00;R$ 3.700,00;100%;Estoque - SIA;true;true;;;;;
;357973438388727;APPLE;IPHONE 14 256GB;PRETO;NOVO;;R$ 3.600,00;R$ 3.700,00;R$ 3.700,00;100%;Estoque - SIA;true;true;;;;;
;356806356442772;APPLE;IPHONE 14 PLUS 128GB;PRETO;NOVO;;R$ 3.500,00;R$ 3.600,00;R$ 3.600,00;100%;Estoque - SIA;true;true;;;;;
;353377535909282;APPLE;IPHONE 14 PLUS 128GB;AZUL;NOVO;;R$ 3.500,00;R$ 3.600,00;R$ 3.600,00;100%;Estoque - SIA;true;true;;;;;
;353377535729433;APPLE;IPHONE 14 PLUS 128GB;ROXO;NOVO;;R$ 3.500,00;R$ 3.600,00;R$ 3.600,00;100%;Estoque - SIA;true;true;;;;;
;356661394317829;APPLE;IPHONE 14 PLUS 128GB;AMARELO;NOVO;;R$ 3.500,00;R$ 3.600,00;R$ 3.600,00;100%;Estoque - SIA;true;true;;;;;
;356661396269341;APPLE;IPHONE 14 PLUS 128GB;BRANCO;NOVO;;R$ 3.500,00;R$ 3.600,00;R$ 3.600,00;100%;Estoque - SIA;true;true;;;;;
;353115824981731;APPLE;IPHONE 14 PRO 128GB;ROXO;SEMINOVO;;R$ 2.800,00;R$ 3.000,00;R$ 3.000,00;81%;Estoque - SIA;true;true;;;;;
;357712765204382;APPLE;IPHONE 14 PRO 128GB;ROXO;SEMINOVO;;R$ 2.715,00;R$ 3.000,00;R$ 3.000,00;80%;Estoque - SIA;true;true;;;;;
;358073466425860;APPLE;IPHONE 14 PRO 128GB;ROXO;SEMINOVO;;R$ 2.715,00;R$ 3.000,00;R$ 3.000,00;82%;Estoque - SIA;true;true;;;;;
;353294709891222;APPLE;IPHONE 14 PRO 128GB;ROXO;SEMINOVO;;R$ 2.715,00;R$ 3.000,00;R$ 3.000,00;81%;Estoque - SIA;true;true;;;;;
;354627903833459;APPLE;IPHONE 14 PRO 128GB;PRETO;SEMINOVO;;R$ 2.715,00;R$ 3.000,00;R$ 3.000,00;81%;Estoque - SIA;true;true;;;;;
;359712286253957;APPLE;IPHONE 14 PRO 128GB;PRETO;SEMINOVO;;R$ 2.715,00;R$ 3.000,00;R$ 3.000,00;81%;Estoque - SIA;true;true;;;;;
;353429718189214;APPLE;IPHONE 14 PRO 256GB;ROXO;SEMINOVO;;R$ 2.915,00;R$ 3.300,00;R$ 3.300,00;93%;Estoque - SIA;true;true;;;;;
;350121913588166;APPLE;IPHONE 14 PRO MAX 128GB;ROXO;SEMINOVO;;R$ 3.300,00;R$ 3.700,00;R$ 3.700,00;87%;Estoque - SIA;true;true;;;;;
;350636594716430;APPLE;IPHONE 14 PRO MAX 128GB;ROXO;SEMINOVO;;R$ 3.300,00;R$ 3.700,00;R$ 3.700,00;86%;Estoque - SIA;true;true;;;;;
;358057915279804;APPLE;IPHONE 14 PRO MAX 128GB;PRETO;SEMINOVO;;R$ 3.300,00;R$ 3.700,00;R$ 3.700,00;85%;Estoque - SIA;true;true;;;;;
;350813229040862;APPLE;IPHONE 14 PRO MAX 128GB;PRETO;SEMINOVO;;R$ 3.300,00;R$ 3.600,00;R$ 3.600,00;81%;Estoque - SIA;true;true;;;;;
;350387758128315;APPLE;IPHONE 14 PRO MAX 128GB;PRETO;SEMINOVO;;R$ 3.300,00;R$ 3.600,00;R$ 3.600,00;84%;Estoque - SIA;true;true;;;;;
;358497896794068;APPLE;IPHONE 14 PRO MAX 128GB;PRETO;SEMINOVO;;R$ 2.800,00;R$ 2.900,00;R$ 2.900,00;82%;Estoque - SIA;true;true;;;;;
;355822269307540;APPLE;IPHONE 14 PRO MAX 128GB;PRETO;SEMINOVO;;R$ 3.300,00;R$ 3.680,00;R$ 3.680,00;81%;Estoque - SIA;true;true;;;;;
;357397709915648;APPLE;IPHONE 14 PRO MAX 128GB;PRETO;SEMINOVO;;R$ 3.300,00;R$ 3.600,00;R$ 3.600,00;83%;Estoque - SIA;true;true;;;;;
;354345293550712;APPLE;IPHONE 14 PRO MAX 128GB;PRETO;SEMINOVO;;R$ 3.200,00;R$ 3.600,00;R$ 3.600,00;100%;Estoque - SIA;true;true;;;;;
;357828286906584;APPLE;IPHONE 14 PRO MAX 128GB;ROXO;SEMINOVO;;R$ 2.950,00;R$ 3.200,00;R$ 3.200,00;82%;Estoque - SIA;true;true;;;;;
;354345294108767;APPLE;IPHONE 14 PRO MAX 128GB;PRETO;SEMINOVO;;R$ 3.300,00;R$ 3.550,00;R$ 3.550,00;100%;Estoque - SIA;true;true;;;;;
;353360940571012;APPLE;IPHONE 14 PRO MAX 128GB;ROXO;SEMINOVO;;R$ 2.000,00;R$ 2.750,00;R$ 2.750,00;81%;Estoque - SIA;true;true;;;;;
;353791981694596;APPLE;IPHONE 14 PRO MAX 128GB;PRETO;SEMINOVO;;R$ 3.100,00;R$ 3.300,00;R$ 3.300,00;80%;Estoque - SIA;true;true;;;;;
;352348740989881;APPLE;IPHONE 14 PRO MAX 128GB;ROXO;SEMINOVO;;R$ 3.300,00;R$ 3.500,00;R$ 3.500,00;83%;Estoque - SIA;true;true;;;;;
;355281434099039;APPLE;IPHONE 14 PRO MAX 128GB;PRETO;SEMINOVO;;R$ 2.550,00;R$ 2.750,00;R$ 2.750,00;86%;Estoque - SIA;true;true;;;;;
;358057911214631;APPLE;IPHONE 14 PRO MAX 128GB;ROXO;SEMINOVO;;R$ 3.100,00;R$ 3.300,00;R$ 3.300,00;82%;Estoque - SIA;true;true;;;;;
;350636596961687;APPLE;IPHONE 14 PRO MAX 256GB;ROXO;SEMINOVO;;R$ 3.200,00;R$ 3.300,00;R$ 3.300,00;82%;Estoque - SIA;true;true;;;;;
;356684169085280;APPLE;IPHONE 14 PRO MAX 256GB;PRETO;SEMINOVO;;R$ 3.615,00;R$ 3.850,00;R$ 3.850,00;84%;Estoque - SIA;true;true;;;;;
;356200542974254;APPLE;IPHONE 14 PRO MAX 256GB;ROXO;SEMINOVO;;R$ 2.000,00;R$ 2.500,00;R$ 2.500,00;100%;Estoque - SIA;true;true;;;;;
;357650611867830;APPLE;IPHONE 14 PRO MAX 256GB;PRETO;SEMINOVO;;R$ 3.450,00;R$ 3.800,00;R$ 3.800,00;94%;Estoque - SIA;true;true;;;;;
;352680940018057;APPLE;IPHONE 14 PRO MAX 256GB;PRETO;SEMINOVO;;R$ 3.500,00;R$ 3.800,00;R$ 3.800,00;80%;Estoque - SIA;true;true;;;;;
;357773248019300;APPLE;IPHONE 14 PRO MAX 256GB;ROXO;SEMINOVO;;R$ 3.100,00;R$ 3.100,00;R$ 3.100,00;95%;Estoque - SIA;true;true;;;;;
;355909990841044;APPLE;IPHONE 14 PRO MAX 256GB;PRETO;SEMINOVO;;R$ 3.450,00;R$ 3.800,00;R$ 3.800,00;83%;Estoque - SIA;true;true;;;;;
;358057918380443;APPLE;IPHONE 14 PRO MAX 256GB;ROXO;SEMINOVO;;R$ 3.450,00;R$ 3.700,00;R$ 3.700,00;84%;Estoque - SIA;true;true;;;;;
;357397707056528;APPLE;IPHONE 14 PRO MAX 256GB;PRETO;SEMINOVO;;R$ 3.450,00;R$ 3.700,00;R$ 3.700,00;94%;Estoque - SIA;true;true;;;;;
;355063663753555;APPLE;IPHONE 14 PRO MAX 256GB;DOURADO;SEMINOVO;;R$ 3.515,00;R$ 3.750,00;R$ 3.750,00;82%;Estoque - SIA;true;true;;;;;
;350813224408536;APPLE;IPHONE 14 PRO MAX 256GB;PRETO;SEMINOVO;;R$ 3.250,00;R$ 3.600,00;R$ 3.600,00;84%;Estoque - SIA;true;true;;;;;
;350321539051827;APPLE;IPHONE 14 PRO MAX 256GB;ROXO;SEMINOVO;;R$ 3.500,00;R$ 3.700,00;R$ 3.700,00;82%;Estoque - SIA;true;true;;;;;
;353887199523518;APPLE;IPHONE 15 128GB;PRETO;SEMINOVO;;R$ 2.815,00;R$ 3.050,00;R$ 3.050,00;80%;Estoque - SIA;true;true;;;;;
;350169643095705;APPLE;IPHONE 15 128GB;PRETO;SEMINOVO;;R$ 2.815,00;R$ 3.050,00;R$ 3.050,00;82%;Estoque - SIA;true;true;;;;;
;353662257069922;APPLE;IPHONE 15 128GB;AZUL;SEMINOVO;;R$ 2.815,00;R$ 3.050,00;R$ 3.050,00;87%;Estoque - SIA;true;true;;;;;
;357146821018215;APPLE;IPHONE 15 128GB;ROSA;SEMINOVO;;R$ 2.815,00;R$ 3.050,00;R$ 3.050,00;84%;Estoque - SIA;true;true;;;;;
;352156541483933;APPLE;IPHONE 15 128GB;ROSA;SEMINOVO;;R$ 2.700,00;R$ 3.000,00;R$ 3.000,00;88%;Estoque - SIA;true;true;;;;;
;358355849676107;APPLE;IPHONE 15 128GB;ROSA;SEMINOVO;;R$ 2.700,00;R$ 3.000,00;R$ 3.000,00;86%;Estoque - SIA;true;true;;;;;
;358668284375708;APPLE;IPHONE 15 128GB;ROSA;SEMINOVO;;R$ 2.750,00;R$ 3.000,00;R$ 3.000,00;90%;Estoque - SIA;true;true;;;;;
;355799335379903;APPLE;IPHONE 15 128GB;ROSA;SEMINOVO;;R$ 2.000,00;R$ 2.200,00;R$ 2.200,00;89%;Estoque - SIA;true;true;;;;;
;355180952303015;APPLE;IPHONE 15 128GB;ROSA;SEMINOVO;;R$ 2.700,00;R$ 2.900,00;R$ 2.900,00;89%;Estoque - SIA;true;true;;;;;
;355605675850736;APPLE;IPHONE 15 256GB;AZUL;NOVO;;R$ 4.500,00;R$ 4.600,00;R$ 4.600,00;100%;Estoque - SIA;true;true;;;;;
;352772256722735;APPLE;IPHONE 15 PRO 128GB;NATURAL TITANIUM;SEMINOVO;;R$ 3.500,00;R$ 3.700,00;R$ 3.700,00;86%;Estoque - SIA;true;true;;;;;
;357137340557049;APPLE;IPHONE 15 PRO 128GB;PRETO;SEMINOVO;;R$ 3.700,00;R$ 3.900,00;R$ 3.900,00;90%;Estoque - SIA;true;true;;;;;
;353788469629870;APPLE;IPHONE 15 PRO 256GB;BRANCO TITANIUM;SEMINOVO;;R$ 3.500,00;R$ 3.800,00;R$ 3.800,00;85%;Estoque - SIA;true;true;;;;;
;353431651734162;APPLE;IPHONE 15 PRO 256GB;BRANCO TITANIUM;SEMINOVO;;R$ 3.700,00;R$ 3.900,00;R$ 3.900,00;88%;Estoque - SIA;true;true;;;;;
;353431655835577;APPLE;IPHONE 15 PRO 256GB;NATURAL TITANIUM;SEMINOVO;;R$ 3.600,00;R$ 3.800,00;R$ 3.800,00;90%;Estoque - SIA;true;true;;;;;
;359428791023138;APPLE;IPHONE 15 PRO MAX 1TB;NATURAL TITANIUM;SEMINOVO;;R$ 4.875,00;R$ 5.100,00;R$ 5.100,00;86%;Estoque - SIA;true;true;;;;;
;354047772854033;APPLE;IPHONE 15 PRO MAX 1TB;NATURAL TITANIUM;SEMINOVO;;R$ 4.875,00;R$ 5.100,00;R$ 5.100,00;84%;Estoque - SIA;true;true;;;;;
;356371487991296;APPLE;IPHONE 15 PRO MAX 1TB;NATURAL TITANIUM;SEMINOVO;;R$ 4.875,00;R$ 5.100,00;R$ 5.100,00;84%;Estoque - SIA;true;true;;;;;
;354047777361521;APPLE;IPHONE 15 PRO MAX 1TB;AZUL TITANIUM;SEMINOVO;;R$ 4.715,00;R$ 4.950,00;R$ 4.950,00;84%;Estoque - SIA;true;true;;;;;
;350496309320808;APPLE;IPHONE 15 PRO MAX 1TB;NATURAL TITANIUM;SEMINOVO;;R$ 4.300,00;R$ 4.500,00;R$ 4.500,00;88%;Estoque - SIA;true;true;;;;;
;356371489971056;APPLE;IPHONE 15 PRO MAX 1TB;NATURAL TITANIUM;SEMINOVO;;R$ 4.300,00;R$ 4.500,00;R$ 4.500,00;86%;Estoque - SIA;true;true;;;;;
;356371482622631;APPLE;IPHONE 15 PRO MAX 1TB;AZUL TITANIUM;SEMINOVO;;R$ 4.300,00;R$ 4.500,00;R$ 4.500,00;88%;Estoque - SIA;true;true;;;;;
;359711530507820;APPLE;IPHONE 15 PRO MAX 256GB;PRETO;SEMINOVO;;R$ 4.114,05;R$ 4.500,00;R$ 4.500,00;88%;Estoque - SIA;true;true;;;;;
;359711532619565;APPLE;IPHONE 15 PRO MAX 256GB;PRETO TITANIUM;SEMINOVO;;R$ 3.800,00;R$ 4.000,00;R$ 4.000,00;81%;Estoque - SIA;true;true;;;;;
;354379773665955;APPLE;IPHONE 15 PRO MAX 256GB;PRETO TITANIUM;SEMINOVO;;R$ 4.065,00;R$ 4.400,00;R$ 4.400,00;84%;Estoque - SIA;true;true;;;;;
;354068586311945;APPLE;IPHONE 15 PRO MAX 256GB;NATURAL TITANIUM;SEMINOVO;;R$ 4.000,00;R$ 4.400,00;R$ 4.400,00;100%;Estoque - SIA;true;true;;;;;
;358862623597052;APPLE;IPHONE 15 PRO MAX 256GB;BRANCO TITANIUM;SEMINOVO;;R$ 4.000,00;R$ 4.400,00;R$ 4.400,00;88%;Estoque - SIA;true;true;;;;;
;351581978182032;APPLE;IPHONE 15 PRO MAX 256GB;NATURAL TITANIUM;SEMINOVO;;R$ 4.000,00;R$ 4.400,00;R$ 4.400,00;100%;Estoque - SIA;true;true;;;;;
;351465640874681;APPLE;IPHONE 15 PRO MAX 256GB;NATURAL TITANIUM;SEMINOVO;;R$ 4.000,00;R$ 4.400,00;R$ 4.400,00;86%;Estoque - SIA;true;true;;;;;
;354934250908250;APPLE;IPHONE 15 PRO MAX 512GB;BRANCO TITANIUM;SEMINOVO;;R$ 4.715,00;R$ 4.950,00;R$ 4.950,00;88%;Estoque - SIA;true;true;;;;;
;350496303709634;APPLE;IPHONE 15 PRO MAX 512GB;NATURAL TITANIUM;SEMINOVO;;R$ 4.315,00;R$ 4.600,00;R$ 4.600,00;82%;Estoque - SIA;true;true;;;;;
;359711533425558;APPLE;IPHONE 15 PRO MAX 512GB;NATURAL TITANIUM;SEMINOVO;;R$ 4.315,00;R$ 4.600,00;R$ 4.600,00;82%;Estoque - SIA;true;true;;;;;
;356371483915828;APPLE;IPHONE 15 PRO MAX 512GB;NATURAL TITANIUM;SEMINOVO;;R$ 4.315,00;R$ 4.600,00;R$ 4.600,00;82%;Estoque - SIA;true;true;;;;;
;354570356512362;APPLE;IPHONE 15 PRO MAX 512GB;AZUL TITANIUM;SEMINOVO;;R$ 4.315,00;R$ 4.600,00;R$ 4.600,00;85%;Estoque - SIA;true;true;;;;;
;358071248947292;APPLE;IPHONE 15 PRO MAX 512GB;AZUL TITANIUM;SEMINOVO;;R$ 4.315,00;R$ 4.600,00;R$ 4.600,00;84%;Estoque - SIA;true;true;;;;;
;352676522616615;APPLE;IPHONE 15 PRO MAX 512GB;PRETO TITANIUM;SEMINOVO;;R$ 4.315,00;R$ 4.600,00;R$ 4.600,00;92%;Estoque - SIA;true;true;;;;;
;351503400034870;APPLE;IPHONE 15 PRO MAX 512GB;PRETO;SEMINOVO;;R$ 4.315,00;R$ 4.600,00;R$ 4.600,00;88%;Estoque - SIA;true;true;;;;;
;357473867653659;APPLE;IPHONE 16 128GB;BRANCO;NOVO;;R$ 4.300,00;R$ 4.400,00;R$ 4.400,00;100%;Estoque - SIA;true;true;;;;;
;356720518776656;APPLE;IPHONE 16 128GB;PRETO;SEMINOVO;;R$ 3.650,00;R$ 3.900,00;R$ 3.900,00;100%;Estoque - SIA;true;true;;;;;
;355628860863058;APPLE;IPHONE 16 128GB;BRANCO;NOVO;;R$ 4.300,00;R$ 4.400,00;R$ 4.400,00;100%;Estoque - SIA;true;true;;;;;
;355628861181930;APPLE;IPHONE 16 128GB;BRANCO;NOVO;;R$ 4.300,00;R$ 4.400,00;R$ 4.400,00;100%;Estoque - SIA;true;true;;;;;
;355628861059953;APPLE;IPHONE 16 128GB;BRANCO;NOVO;;R$ 4.300,00;R$ 4.400,00;R$ 4.400,00;100%;Estoque - SIA;true;true;;;;;
;357140344445617;APPLE;IPHONE 16 128GB;BRANCO;NOVO;;R$ 4.300,00;R$ 4.400,00;R$ 4.400,00;100%;Estoque - SIA;true;true;;;;;
;355628860066686;APPLE;IPHONE 16 128GB;BRANCO;NOVO;;R$ 4.300,00;R$ 4.400,00;R$ 4.400,00;100%;Estoque - SIA;true;true;;;;;
;359049976303291;APPLE;IPHONE 16 PLUS 128GB;PRETO;SEMINOVO;;R$ 4.050,00;R$ 4.250,00;R$ 4.250,00;100%;Estoque - SIA;true;true;;;;;
;353357359798557;APPLE;IPHONE 16 PRO 128GB;NATURAL TITANIUM;SEMINOVO;;R$ 4.900,00;R$ 5.100,00;R$ 5.100,00;90%;Estoque - SIA;true;true;;;;;
;357626318959849;APPLE;IPHONE 16 PRO MAX 256GB;DESERT TITANIUM;SEMINOVO;;R$ 5.486,00;R$ 5.700,00;R$ 5.700,00;92%;Estoque - SIA;true;true;;;;;
;356726380667667;APPLE;IPHONE 16 PRO MAX 256GB;NATURAL TITANIUM;SEMINOVO;;R$ 5.486,00;R$ 5.700,00;R$ 5.700,00;93%;Estoque - SIA;true;true;;;;;
;358536503218977;APPLE;IPHONE 16 PRO MAX 256GB;DESERT TITANIUM;SEMINOVO;;R$ 5.586,09;R$ 5.920,00;R$ 5.920,00;93%;Estoque - SIA;true;true;;;;;
;352864971435295;APPLE;IPHONE 16 PRO MAX 256GB;DESERT TITANIUM;SEMINOVO;;R$ 5.486,00;R$ 5.700,00;R$ 5.700,00;93%;Estoque - SIA;true;true;;;;;
;354276353255605;APPLE;IPHONE 16 PRO MAX 256GB;DESERT TITANIUM;SEMINOVO;;R$ 5.500,00;R$ 5.700,00;R$ 5.700,00;88%;Estoque - SIA;true;true;;;;;
;359371450444528;APPLE;IPHONE 17 256GB;PRETO;NOVO;;R$ 5.250,00;R$ 5.350,00;R$ 5.350,00;100%;Estoque - SIA;true;true;;;;;
;359372353990583;APPLE;IPHONE 17 PRO MAX 256GB;LARANJA;NOVO;;R$ 8.000,00;R$ 8.100,00;R$ 8.100,00;100%;Estoque - SIA;true;true;;;;;
;357586349830726;APPLE;IPHONE 17 PRO MAX 256GB;BRANCO;NOVO;;R$ 8.350,00;R$ 8.450,00;R$ 8.450,00;100%;Estoque - SIA;true;true;;;;;
;357586345568395;APPLE;IPHONE 17 PRO MAX 256GB;LARANJA;NOVO;;R$ 8.000,00;R$ 8.100,00;R$ 8.100,00;100%;Estoque - SIA;true;true;;;;;
;356454107299025;APPLE;IPHONE XR 64GB;BRANCO;SEMINOVO;;R$ 450,00;R$ 700,00;R$ 700,00;84%;Estoque - SIA;true;true;;;;;
;354276350656052;APPLE;IPHONE 16 PRO MAX 256GB;DESERT TIANIUM;SEMINOVO;; R$ 5.486,00 ; R$ 5.700,00 ; R$ 5.700,00 ;100%;Online;true;true;;;;;
;355445529944298;APPLE;IPHONE 16 PRO MAX 256GB;DESERT TIANIUM;SEMINOVO;; R$ 5.486,00 ; R$ 5.700,00 ; R$ 5.700,00 ;93%;Online;true;true;;;;;
;357626316923011;APPLE;IPHONE 16 PRO MAX 256GB;Desert Titanium / Titânio deserto;SEMINOVO;; R$ 5.486,00 ; R$ 5.700,00 ; R$ 5.700,00 ;91%;Online;true;true;;;;;
